<?xml version="1.0" encoding="UTF-8"?>
<point_cloud version="1.2.0">
  <tracks path="tracks.ply" count="37142"/>
  <points path="points.ply" count="23981"/>
  <projections camera_id="0" path="p0.ply" count="786"/>
  <projections camera_id="1" path="p1.ply" count="946"/>
  <projections camera_id="2" path="p2.ply" count="973"/>
  <projections camera_id="3" path="p3.ply" count="1011"/>
  <projections camera_id="4" path="p4.ply" count="1201"/>
  <projections camera_id="5" path="p5.ply" count="966"/>
  <projections camera_id="6" path="p6.ply" count="949"/>
  <projections camera_id="7" path="p7.ply" count="1140"/>
  <projections camera_id="8" path="p8.ply" count="1196"/>
  <projections camera_id="9" path="p9.ply" count="1048"/>
  <projections camera_id="10" path="p10.ply" count="1201"/>
  <projections camera_id="11" path="p11.ply" count="1331"/>
  <projections camera_id="12" path="p12.ply" count="1196"/>
  <projections camera_id="13" path="p13.ply" count="1262"/>
  <projections camera_id="14" path="p14.ply" count="1071"/>
  <projections camera_id="15" path="p15.ply" count="960"/>
  <projections camera_id="16" path="p16.ply" count="1199"/>
  <projections camera_id="17" path="p17.ply" count="1087"/>
  <projections camera_id="18" path="p18.ply" count="890"/>
  <projections camera_id="19" path="p19.ply" count="1038"/>
  <projections camera_id="20" path="p20.ply" count="1091"/>
  <projections camera_id="21" path="p21.ply" count="1093"/>
  <projections camera_id="22" path="p22.ply" count="1102"/>
  <projections camera_id="23" path="p23.ply" count="900"/>
  <projections camera_id="29" path="p29.ply" count="2633"/>
  <projections camera_id="30" path="p30.ply" count="1126"/>
  <projections camera_id="31" path="p31.ply" count="1221"/>
  <projections camera_id="32" path="p32.ply" count="1021"/>
  <projections camera_id="33" path="p33.ply" count="1063"/>
  <projections camera_id="34" path="p34.ply" count="1000"/>
  <projections camera_id="35" path="p35.ply" count="1015"/>
  <projections camera_id="36" path="p36.ply" count="1011"/>
  <projections camera_id="37" path="p37.ply" count="1074"/>
  <projections camera_id="38" path="p38.ply" count="1072"/>
  <projections camera_id="39" path="p39.ply" count="925"/>
  <projections camera_id="40" path="p40.ply" count="1054"/>
  <projections camera_id="41" path="p41.ply" count="1139"/>
  <projections camera_id="42" path="p42.ply" count="984"/>
  <projections camera_id="43" path="p43.ply" count="962"/>
  <projections camera_id="44" path="p44.ply" count="966"/>
  <projections camera_id="45" path="p45.ply" count="950"/>
  <projections camera_id="46" path="p46.ply" count="1143"/>
  <projections camera_id="47" path="p47.ply" count="1160"/>
  <projections camera_id="48" path="p48.ply" count="1132"/>
  <projections camera_id="49" path="p49.ply" count="1057"/>
  <projections camera_id="50" path="p50.ply" count="1025"/>
  <projections camera_id="51" path="p51.ply" count="1029"/>
  <projections camera_id="52" path="p52.ply" count="1079"/>
  <projections camera_id="53" path="p53.ply" count="2704"/>
  <projections camera_id="54" path="p54.ply" count="3040"/>
  <projections camera_id="55" path="p55.ply" count="1621"/>
  <projections camera_id="56" path="p56.ply" count="1610"/>
  <projections camera_id="57" path="p57.ply" count="1474"/>
  <projections camera_id="58" path="p58.ply" count="1394"/>
  <projections camera_id="59" path="p59.ply" count="1341"/>
  <projections camera_id="60" path="p60.ply" count="1317"/>
  <projections camera_id="61" path="p61.ply" count="1274"/>
  <projections camera_id="62" path="p62.ply" count="1277"/>
  <projections camera_id="63" path="p63.ply" count="1271"/>
  <projections camera_id="64" path="p64.ply" count="1225"/>
  <projections camera_id="65" path="p65.ply" count="1323"/>
  <projections camera_id="66" path="p66.ply" count="1148"/>
  <projections camera_id="67" path="p67.ply" count="1229"/>
  <projections camera_id="68" path="p68.ply" count="1186"/>
  <projections camera_id="69" path="p69.ply" count="1350"/>
  <projections camera_id="70" path="p70.ply" count="1419"/>
  <projections camera_id="71" path="p71.ply" count="1303"/>
  <projections camera_id="72" path="p72.ply" count="1321"/>
  <projections camera_id="73" path="p73.ply" count="1358"/>
  <projections camera_id="74" path="p74.ply" count="1443"/>
  <projections camera_id="75" path="p75.ply" count="1402"/>
  <projections camera_id="76" path="p76.ply" count="1478"/>
  <projections camera_id="77" path="p77.ply" count="1487"/>
  <projections camera_id="78" path="p78.ply" count="3148"/>
  <meta>
    <property name="match/duration" value="1146.897096"/>
    <property name="match/match_downscale" value="0"/>
    <property name="match/match_filter_mask" value="true"/>
    <property name="match/match_point_limit" value="40000"/>
    <property name="match/match_select_pairs" value="1"/>
    <property name="match/match_tiepoint_limit" value="4000"/>
  </meta>
</point_cloud>
