<?xml version="1.0" encoding="UTF-8"?>
<point_cloud version="1.2.0">
  <tracks path="tracks.ply" count="9934"/>
  <points path="points.ply" count="5526"/>
  <projections camera_id="31" path="p31.ply" count="2454"/>
  <projections camera_id="32" path="p32.ply" count="952"/>
  <projections camera_id="33" path="p33.ply" count="931"/>
  <projections camera_id="34" path="p34.ply" count="728"/>
  <projections camera_id="35" path="p35.ply" count="803"/>
  <projections camera_id="36" path="p36.ply" count="738"/>
  <projections camera_id="37" path="p37.ply" count="673"/>
  <projections camera_id="38" path="p38.ply" count="699"/>
  <projections camera_id="39" path="p39.ply" count="882"/>
  <projections camera_id="40" path="p40.ply" count="820"/>
  <projections camera_id="41" path="p41.ply" count="743"/>
  <projections camera_id="42" path="p42.ply" count="714"/>
  <projections camera_id="43" path="p43.ply" count="880"/>
  <projections camera_id="44" path="p44.ply" count="804"/>
  <projections camera_id="45" path="p45.ply" count="771"/>
  <projections camera_id="46" path="p46.ply" count="753"/>
  <projections camera_id="47" path="p47.ply" count="748"/>
  <projections camera_id="48" path="p48.ply" count="824"/>
  <projections camera_id="49" path="p49.ply" count="807"/>
  <projections camera_id="50" path="p50.ply" count="863"/>
  <projections camera_id="51" path="p51.ply" count="850"/>
  <projections camera_id="52" path="p52.ply" count="739"/>
  <projections camera_id="53" path="p53.ply" count="871"/>
  <projections camera_id="54" path="p54.ply" count="882"/>
  <projections camera_id="55" path="p55.ply" count="2485"/>
  <meta>
    <property name="match/duration" value="413.406683"/>
    <property name="match/match_downscale" value="0"/>
    <property name="match/match_filter_mask" value="true"/>
    <property name="match/match_point_limit" value="40000"/>
    <property name="match/match_select_pairs" value="1"/>
    <property name="match/match_tiepoint_limit" value="4000"/>
  </meta>
</point_cloud>
