<?xml version="1.0" encoding="UTF-8"?>
<frame>
  <cameras>
    <camera camera_id="0">
      <photo path="../../../../../../githubProjects/jomonPhotoMasks/originalImages/IMG_2096.JPG">
        <meta>
          <property name="Exif/ApertureValue" value="10"/>
          <property name="Exif/DateTime" value="2016:03:09 15:01:41"/>
          <property name="Exif/DateTimeOriginal" value="2016:03:09 15:01:41"/>
          <property name="Exif/ExposureTime" value="0.5"/>
          <property name="Exif/FNumber" value="32"/>
          <property name="Exif/FocalLength" value="17"/>
          <property name="Exif/FocalPlaneXResolution" value="225.518771479532"/>
          <property name="Exif/FocalPlaneYResolution" value="192.6817971283"/>
          <property name="Exif/ISOSpeedRatings" value="1000"/>
          <property name="Exif/Make" value="Canon"/>
          <property name="Exif/Model" value="Canon EOS 60D"/>
          <property name="Exif/Orientation" value="1"/>
          <property name="Exif/ShutterSpeedValue" value="1"/>
          <property name="File/ImageHeight" value="2912"/>
          <property name="File/ImageWidth" value="5184"/>
          <property name="System/FileModifyDate" value="2016:04:13 14:28:50"/>
          <property name="System/FileSize" value="2231848"/>
        </meta>
      </photo>
    </camera>
  </cameras>
  <masks path="masks.1/masks.zip"/>
  <thumbnails path="thumbnails.1/thumbnails.zip"/>
</frame>
