<?xml version="1.0" encoding="UTF-8"?>
<frame>
  <cameras>
    <camera camera_id="0">
      <photo path="../../../../../../githubProjects/jomonPhotoMasks/originalImages/IMG_2065.JPG">
        <meta>
          <property name="Exif/ApertureValue" value="9"/>
          <property name="Exif/DateTime" value="2016:03:09 14:32:22"/>
          <property name="Exif/DateTimeOriginal" value="2016:03:09 14:32:22"/>
          <property name="Exif/ExposureTime" value="0.5"/>
          <property name="Exif/FNumber" value="22"/>
          <property name="Exif/FocalLength" value="17"/>
          <property name="Exif/FocalPlaneXResolution" value="225.518771479532"/>
          <property name="Exif/FocalPlaneYResolution" value="192.6817971283"/>
          <property name="Exif/ISOSpeedRatings" value="800"/>
          <property name="Exif/Make" value="Canon"/>
          <property name="Exif/Model" value="Canon EOS 60D"/>
          <property name="Exif/Orientation" value="1"/>
          <property name="Exif/ShutterSpeedValue" value="1"/>
          <property name="File/ImageHeight" value="2912"/>
          <property name="File/ImageWidth" value="5184"/>
          <property name="System/FileModifyDate" value="2016:04:13 14:28:33"/>
          <property name="System/FileSize" value="2147940"/>
        </meta>
      </photo>
    </camera>
    <camera camera_id="1">
      <photo path="../../../../../../githubProjects/jomonPhotoMasks/originalImages/IMG_2066.JPG">
        <meta>
          <property name="Exif/ApertureValue" value="9"/>
          <property name="Exif/DateTime" value="2016:03:09 14:33:29"/>
          <property name="Exif/DateTimeOriginal" value="2016:03:09 14:33:29"/>
          <property name="Exif/ExposureTime" value="0.5"/>
          <property name="Exif/FNumber" value="22"/>
          <property name="Exif/FocalLength" value="17"/>
          <property name="Exif/FocalPlaneXResolution" value="225.518771479532"/>
          <property name="Exif/FocalPlaneYResolution" value="192.6817971283"/>
          <property name="Exif/ISOSpeedRatings" value="800"/>
          <property name="Exif/Make" value="Canon"/>
          <property name="Exif/Model" value="Canon EOS 60D"/>
          <property name="Exif/Orientation" value="1"/>
          <property name="Exif/ShutterSpeedValue" value="1"/>
          <property name="File/ImageHeight" value="2912"/>
          <property name="File/ImageWidth" value="5184"/>
          <property name="System/FileModifyDate" value="2016:04:13 14:28:34"/>
          <property name="System/FileSize" value="2108260"/>
        </meta>
      </photo>
    </camera>
    <camera camera_id="2">
      <photo path="../../../../../../githubProjects/jomonPhotoMasks/originalImages/IMG_2067.JPG">
        <meta>
          <property name="Exif/ApertureValue" value="9"/>
          <property name="Exif/DateTime" value="2016:03:09 14:33:57"/>
          <property name="Exif/DateTimeOriginal" value="2016:03:09 14:33:57"/>
          <property name="Exif/ExposureTime" value="0.5"/>
          <property name="Exif/FNumber" value="22"/>
          <property name="Exif/FocalLength" value="17"/>
          <property name="Exif/FocalPlaneXResolution" value="225.518771479532"/>
          <property name="Exif/FocalPlaneYResolution" value="192.6817971283"/>
          <property name="Exif/ISOSpeedRatings" value="800"/>
          <property name="Exif/Make" value="Canon"/>
          <property name="Exif/Model" value="Canon EOS 60D"/>
          <property name="Exif/Orientation" value="1"/>
          <property name="Exif/ShutterSpeedValue" value="1"/>
          <property name="File/ImageHeight" value="2912"/>
          <property name="File/ImageWidth" value="5184"/>
          <property name="System/FileModifyDate" value="2016:04:13 14:28:35"/>
          <property name="System/FileSize" value="2105592"/>
        </meta>
      </photo>
    </camera>
    <camera camera_id="3">
      <photo path="../../../../../../githubProjects/jomonPhotoMasks/originalImages/IMG_2068.JPG">
        <meta>
          <property name="Exif/ApertureValue" value="9"/>
          <property name="Exif/DateTime" value="2016:03:09 14:34:26"/>
          <property name="Exif/DateTimeOriginal" value="2016:03:09 14:34:26"/>
          <property name="Exif/ExposureTime" value="0.5"/>
          <property name="Exif/FNumber" value="22"/>
          <property name="Exif/FocalLength" value="17"/>
          <property name="Exif/FocalPlaneXResolution" value="225.518771479532"/>
          <property name="Exif/FocalPlaneYResolution" value="192.6817971283"/>
          <property name="Exif/ISOSpeedRatings" value="800"/>
          <property name="Exif/Make" value="Canon"/>
          <property name="Exif/Model" value="Canon EOS 60D"/>
          <property name="Exif/Orientation" value="1"/>
          <property name="Exif/ShutterSpeedValue" value="1"/>
          <property name="File/ImageHeight" value="2912"/>
          <property name="File/ImageWidth" value="5184"/>
          <property name="System/FileModifyDate" value="2016:04:13 14:28:35"/>
          <property name="System/FileSize" value="2082042"/>
        </meta>
      </photo>
    </camera>
    <camera camera_id="4">
      <photo path="../../../../../../githubProjects/jomonPhotoMasks/originalImages/IMG_2069.JPG">
        <meta>
          <property name="Exif/ApertureValue" value="9"/>
          <property name="Exif/DateTime" value="2016:03:09 14:34:56"/>
          <property name="Exif/DateTimeOriginal" value="2016:03:09 14:34:56"/>
          <property name="Exif/ExposureTime" value="0.5"/>
          <property name="Exif/FNumber" value="22"/>
          <property name="Exif/FocalLength" value="17"/>
          <property name="Exif/FocalPlaneXResolution" value="225.518771479532"/>
          <property name="Exif/FocalPlaneYResolution" value="192.6817971283"/>
          <property name="Exif/ISOSpeedRatings" value="800"/>
          <property name="Exif/Make" value="Canon"/>
          <property name="Exif/Model" value="Canon EOS 60D"/>
          <property name="Exif/Orientation" value="1"/>
          <property name="Exif/ShutterSpeedValue" value="1"/>
          <property name="File/ImageHeight" value="2912"/>
          <property name="File/ImageWidth" value="5184"/>
          <property name="System/FileModifyDate" value="2016:04:13 14:28:36"/>
          <property name="System/FileSize" value="2125985"/>
        </meta>
      </photo>
    </camera>
    <camera camera_id="5">
      <photo path="../../../../../../githubProjects/jomonPhotoMasks/originalImages/IMG_2070.JPG">
        <meta>
          <property name="Exif/ApertureValue" value="9"/>
          <property name="Exif/DateTime" value="2016:03:09 14:35:27"/>
          <property name="Exif/DateTimeOriginal" value="2016:03:09 14:35:27"/>
          <property name="Exif/ExposureTime" value="0.5"/>
          <property name="Exif/FNumber" value="22"/>
          <property name="Exif/FocalLength" value="17"/>
          <property name="Exif/FocalPlaneXResolution" value="225.518771479532"/>
          <property name="Exif/FocalPlaneYResolution" value="192.6817971283"/>
          <property name="Exif/ISOSpeedRatings" value="800"/>
          <property name="Exif/Make" value="Canon"/>
          <property name="Exif/Model" value="Canon EOS 60D"/>
          <property name="Exif/Orientation" value="1"/>
          <property name="Exif/ShutterSpeedValue" value="1"/>
          <property name="File/ImageHeight" value="2912"/>
          <property name="File/ImageWidth" value="5184"/>
          <property name="System/FileModifyDate" value="2016:04:13 14:28:36"/>
          <property name="System/FileSize" value="2178148"/>
        </meta>
      </photo>
    </camera>
    <camera camera_id="6">
      <photo path="../../../../../../githubProjects/jomonPhotoMasks/originalImages/IMG_2071.JPG">
        <meta>
          <property name="Exif/ApertureValue" value="9"/>
          <property name="Exif/DateTime" value="2016:03:09 14:35:51"/>
          <property name="Exif/DateTimeOriginal" value="2016:03:09 14:35:51"/>
          <property name="Exif/ExposureTime" value="0.5"/>
          <property name="Exif/FNumber" value="22"/>
          <property name="Exif/FocalLength" value="17"/>
          <property name="Exif/FocalPlaneXResolution" value="225.518771479532"/>
          <property name="Exif/FocalPlaneYResolution" value="192.6817971283"/>
          <property name="Exif/ISOSpeedRatings" value="800"/>
          <property name="Exif/Make" value="Canon"/>
          <property name="Exif/Model" value="Canon EOS 60D"/>
          <property name="Exif/Orientation" value="1"/>
          <property name="Exif/ShutterSpeedValue" value="1"/>
          <property name="File/ImageHeight" value="2912"/>
          <property name="File/ImageWidth" value="5184"/>
          <property name="System/FileModifyDate" value="2016:04:13 14:28:37"/>
          <property name="System/FileSize" value="2135236"/>
        </meta>
      </photo>
    </camera>
    <camera camera_id="7">
      <photo path="../../../../../../githubProjects/jomonPhotoMasks/originalImages/IMG_2072.JPG">
        <meta>
          <property name="Exif/ApertureValue" value="9"/>
          <property name="Exif/DateTime" value="2016:03:09 14:36:37"/>
          <property name="Exif/DateTimeOriginal" value="2016:03:09 14:36:37"/>
          <property name="Exif/ExposureTime" value="0.5"/>
          <property name="Exif/FNumber" value="22"/>
          <property name="Exif/FocalLength" value="17"/>
          <property name="Exif/FocalPlaneXResolution" value="225.518771479532"/>
          <property name="Exif/FocalPlaneYResolution" value="192.6817971283"/>
          <property name="Exif/ISOSpeedRatings" value="800"/>
          <property name="Exif/Make" value="Canon"/>
          <property name="Exif/Model" value="Canon EOS 60D"/>
          <property name="Exif/Orientation" value="1"/>
          <property name="Exif/ShutterSpeedValue" value="1"/>
          <property name="File/ImageHeight" value="2912"/>
          <property name="File/ImageWidth" value="5184"/>
          <property name="System/FileModifyDate" value="2016:04:13 14:28:38"/>
          <property name="System/FileSize" value="2114882"/>
        </meta>
      </photo>
    </camera>
    <camera camera_id="8">
      <photo path="../../../../../../githubProjects/jomonPhotoMasks/originalImages/IMG_2073.JPG">
        <meta>
          <property name="Exif/ApertureValue" value="9"/>
          <property name="Exif/DateTime" value="2016:03:09 14:37:17"/>
          <property name="Exif/DateTimeOriginal" value="2016:03:09 14:37:17"/>
          <property name="Exif/ExposureTime" value="0.5"/>
          <property name="Exif/FNumber" value="22"/>
          <property name="Exif/FocalLength" value="17"/>
          <property name="Exif/FocalPlaneXResolution" value="225.518771479532"/>
          <property name="Exif/FocalPlaneYResolution" value="192.6817971283"/>
          <property name="Exif/ISOSpeedRatings" value="800"/>
          <property name="Exif/Make" value="Canon"/>
          <property name="Exif/Model" value="Canon EOS 60D"/>
          <property name="Exif/Orientation" value="1"/>
          <property name="Exif/ShutterSpeedValue" value="1"/>
          <property name="File/ImageHeight" value="2912"/>
          <property name="File/ImageWidth" value="5184"/>
          <property name="System/FileModifyDate" value="2016:04:13 14:28:38"/>
          <property name="System/FileSize" value="2152955"/>
        </meta>
      </photo>
    </camera>
    <camera camera_id="9">
      <photo path="../../../../../../githubProjects/jomonPhotoMasks/originalImages/IMG_2074.JPG">
        <meta>
          <property name="Exif/ApertureValue" value="9"/>
          <property name="Exif/DateTime" value="2016:03:09 14:37:53"/>
          <property name="Exif/DateTimeOriginal" value="2016:03:09 14:37:53"/>
          <property name="Exif/ExposureTime" value="0.5"/>
          <property name="Exif/FNumber" value="22"/>
          <property name="Exif/FocalLength" value="17"/>
          <property name="Exif/FocalPlaneXResolution" value="225.518771479532"/>
          <property name="Exif/FocalPlaneYResolution" value="192.6817971283"/>
          <property name="Exif/ISOSpeedRatings" value="800"/>
          <property name="Exif/Make" value="Canon"/>
          <property name="Exif/Model" value="Canon EOS 60D"/>
          <property name="Exif/Orientation" value="1"/>
          <property name="Exif/ShutterSpeedValue" value="1"/>
          <property name="File/ImageHeight" value="2912"/>
          <property name="File/ImageWidth" value="5184"/>
          <property name="System/FileModifyDate" value="2016:04:13 14:28:39"/>
          <property name="System/FileSize" value="2105428"/>
        </meta>
      </photo>
    </camera>
    <camera camera_id="10">
      <photo path="../../../../../../githubProjects/jomonPhotoMasks/originalImages/IMG_2075.JPG">
        <meta>
          <property name="Exif/ApertureValue" value="9"/>
          <property name="Exif/DateTime" value="2016:03:09 14:38:33"/>
          <property name="Exif/DateTimeOriginal" value="2016:03:09 14:38:33"/>
          <property name="Exif/ExposureTime" value="0.5"/>
          <property name="Exif/FNumber" value="22"/>
          <property name="Exif/FocalLength" value="17"/>
          <property name="Exif/FocalPlaneXResolution" value="225.518771479532"/>
          <property name="Exif/FocalPlaneYResolution" value="192.6817971283"/>
          <property name="Exif/ISOSpeedRatings" value="800"/>
          <property name="Exif/Make" value="Canon"/>
          <property name="Exif/Model" value="Canon EOS 60D"/>
          <property name="Exif/Orientation" value="1"/>
          <property name="Exif/ShutterSpeedValue" value="1"/>
          <property name="File/ImageHeight" value="2912"/>
          <property name="File/ImageWidth" value="5184"/>
          <property name="System/FileModifyDate" value="2016:04:13 14:28:40"/>
          <property name="System/FileSize" value="2131234"/>
        </meta>
      </photo>
    </camera>
    <camera camera_id="11">
      <photo path="../../../../../../githubProjects/jomonPhotoMasks/originalImages/IMG_2076.JPG">
        <meta>
          <property name="Exif/ApertureValue" value="9"/>
          <property name="Exif/DateTime" value="2016:03:09 14:39:09"/>
          <property name="Exif/DateTimeOriginal" value="2016:03:09 14:39:09"/>
          <property name="Exif/ExposureTime" value="0.5"/>
          <property name="Exif/FNumber" value="22"/>
          <property name="Exif/FocalLength" value="17"/>
          <property name="Exif/FocalPlaneXResolution" value="225.518771479532"/>
          <property name="Exif/FocalPlaneYResolution" value="192.6817971283"/>
          <property name="Exif/ISOSpeedRatings" value="800"/>
          <property name="Exif/Make" value="Canon"/>
          <property name="Exif/Model" value="Canon EOS 60D"/>
          <property name="Exif/Orientation" value="1"/>
          <property name="Exif/ShutterSpeedValue" value="1"/>
          <property name="File/ImageHeight" value="2912"/>
          <property name="File/ImageWidth" value="5184"/>
          <property name="System/FileModifyDate" value="2016:04:13 14:28:40"/>
          <property name="System/FileSize" value="2116212"/>
        </meta>
      </photo>
    </camera>
    <camera camera_id="12">
      <photo path="../../../../../../githubProjects/jomonPhotoMasks/originalImages/IMG_2077.JPG">
        <meta>
          <property name="Exif/ApertureValue" value="9"/>
          <property name="Exif/DateTime" value="2016:03:09 14:39:54"/>
          <property name="Exif/DateTimeOriginal" value="2016:03:09 14:39:54"/>
          <property name="Exif/ExposureTime" value="0.5"/>
          <property name="Exif/FNumber" value="22"/>
          <property name="Exif/FocalLength" value="17"/>
          <property name="Exif/FocalPlaneXResolution" value="225.518771479532"/>
          <property name="Exif/FocalPlaneYResolution" value="192.6817971283"/>
          <property name="Exif/ISOSpeedRatings" value="800"/>
          <property name="Exif/Make" value="Canon"/>
          <property name="Exif/Model" value="Canon EOS 60D"/>
          <property name="Exif/Orientation" value="1"/>
          <property name="Exif/ShutterSpeedValue" value="1"/>
          <property name="File/ImageHeight" value="2912"/>
          <property name="File/ImageWidth" value="5184"/>
          <property name="System/FileModifyDate" value="2016:04:13 14:28:41"/>
          <property name="System/FileSize" value="2148892"/>
        </meta>
      </photo>
    </camera>
    <camera camera_id="13">
      <photo path="../../../../../../githubProjects/jomonPhotoMasks/originalImages/IMG_2078.JPG">
        <meta>
          <property name="Exif/ApertureValue" value="9"/>
          <property name="Exif/DateTime" value="2016:03:09 14:40:27"/>
          <property name="Exif/DateTimeOriginal" value="2016:03:09 14:40:27"/>
          <property name="Exif/ExposureTime" value="0.5"/>
          <property name="Exif/FNumber" value="22"/>
          <property name="Exif/FocalLength" value="17"/>
          <property name="Exif/FocalPlaneXResolution" value="225.518771479532"/>
          <property name="Exif/FocalPlaneYResolution" value="192.6817971283"/>
          <property name="Exif/ISOSpeedRatings" value="800"/>
          <property name="Exif/Make" value="Canon"/>
          <property name="Exif/Model" value="Canon EOS 60D"/>
          <property name="Exif/Orientation" value="1"/>
          <property name="Exif/ShutterSpeedValue" value="1"/>
          <property name="File/ImageHeight" value="2912"/>
          <property name="File/ImageWidth" value="5184"/>
          <property name="System/FileModifyDate" value="2016:04:13 14:28:42"/>
          <property name="System/FileSize" value="2165498"/>
        </meta>
      </photo>
    </camera>
    <camera camera_id="14">
      <photo path="../../../../../../githubProjects/jomonPhotoMasks/originalImages/IMG_2079.JPG">
        <meta>
          <property name="Exif/ApertureValue" value="9"/>
          <property name="Exif/DateTime" value="2016:03:09 14:41:08"/>
          <property name="Exif/DateTimeOriginal" value="2016:03:09 14:41:08"/>
          <property name="Exif/ExposureTime" value="0.5"/>
          <property name="Exif/FNumber" value="22"/>
          <property name="Exif/FocalLength" value="17"/>
          <property name="Exif/FocalPlaneXResolution" value="225.518771479532"/>
          <property name="Exif/FocalPlaneYResolution" value="192.6817971283"/>
          <property name="Exif/ISOSpeedRatings" value="800"/>
          <property name="Exif/Make" value="Canon"/>
          <property name="Exif/Model" value="Canon EOS 60D"/>
          <property name="Exif/Orientation" value="1"/>
          <property name="Exif/ShutterSpeedValue" value="1"/>
          <property name="File/ImageHeight" value="2912"/>
          <property name="File/ImageWidth" value="5184"/>
          <property name="System/FileModifyDate" value="2016:04:13 14:28:42"/>
          <property name="System/FileSize" value="2126241"/>
        </meta>
      </photo>
    </camera>
    <camera camera_id="15">
      <photo path="../../../../../../githubProjects/jomonPhotoMasks/originalImages/IMG_2080.JPG">
        <meta>
          <property name="Exif/ApertureValue" value="9"/>
          <property name="Exif/DateTime" value="2016:03:09 14:41:25"/>
          <property name="Exif/DateTimeOriginal" value="2016:03:09 14:41:25"/>
          <property name="Exif/ExposureTime" value="0.5"/>
          <property name="Exif/FNumber" value="22"/>
          <property name="Exif/FocalLength" value="17"/>
          <property name="Exif/FocalPlaneXResolution" value="225.518771479532"/>
          <property name="Exif/FocalPlaneYResolution" value="192.6817971283"/>
          <property name="Exif/ISOSpeedRatings" value="800"/>
          <property name="Exif/Make" value="Canon"/>
          <property name="Exif/Model" value="Canon EOS 60D"/>
          <property name="Exif/Orientation" value="1"/>
          <property name="Exif/ShutterSpeedValue" value="1"/>
          <property name="File/ImageHeight" value="2912"/>
          <property name="File/ImageWidth" value="5184"/>
          <property name="System/FileModifyDate" value="2016:04:13 14:28:43"/>
          <property name="System/FileSize" value="2126375"/>
        </meta>
      </photo>
    </camera>
    <camera camera_id="16">
      <photo path="../../../../../../githubProjects/jomonPhotoMasks/originalImages/IMG_2081.JPG">
        <meta>
          <property name="Exif/ApertureValue" value="9"/>
          <property name="Exif/DateTime" value="2016:03:09 14:41:41"/>
          <property name="Exif/DateTimeOriginal" value="2016:03:09 14:41:41"/>
          <property name="Exif/ExposureTime" value="0.5"/>
          <property name="Exif/FNumber" value="22"/>
          <property name="Exif/FocalLength" value="17"/>
          <property name="Exif/FocalPlaneXResolution" value="225.518771479532"/>
          <property name="Exif/FocalPlaneYResolution" value="192.6817971283"/>
          <property name="Exif/ISOSpeedRatings" value="800"/>
          <property name="Exif/Make" value="Canon"/>
          <property name="Exif/Model" value="Canon EOS 60D"/>
          <property name="Exif/Orientation" value="1"/>
          <property name="Exif/ShutterSpeedValue" value="1"/>
          <property name="File/ImageHeight" value="2912"/>
          <property name="File/ImageWidth" value="5184"/>
          <property name="System/FileModifyDate" value="2016:04:13 14:28:44"/>
          <property name="System/FileSize" value="2159122"/>
        </meta>
      </photo>
    </camera>
    <camera camera_id="17">
      <photo path="../../../../../../githubProjects/jomonPhotoMasks/originalImages/IMG_2082.JPG">
        <meta>
          <property name="Exif/ApertureValue" value="9"/>
          <property name="Exif/DateTime" value="2016:03:09 14:42:08"/>
          <property name="Exif/DateTimeOriginal" value="2016:03:09 14:42:08"/>
          <property name="Exif/ExposureTime" value="0.5"/>
          <property name="Exif/FNumber" value="22"/>
          <property name="Exif/FocalLength" value="17"/>
          <property name="Exif/FocalPlaneXResolution" value="225.518771479532"/>
          <property name="Exif/FocalPlaneYResolution" value="192.6817971283"/>
          <property name="Exif/ISOSpeedRatings" value="800"/>
          <property name="Exif/Make" value="Canon"/>
          <property name="Exif/Model" value="Canon EOS 60D"/>
          <property name="Exif/Orientation" value="1"/>
          <property name="Exif/ShutterSpeedValue" value="1"/>
          <property name="File/ImageHeight" value="2912"/>
          <property name="File/ImageWidth" value="5184"/>
          <property name="System/FileModifyDate" value="2016:04:13 14:28:44"/>
          <property name="System/FileSize" value="2092333"/>
        </meta>
      </photo>
    </camera>
    <camera camera_id="18">
      <photo path="../../../../../../githubProjects/jomonPhotoMasks/originalImages/IMG_2083.JPG">
        <meta>
          <property name="Exif/ApertureValue" value="9"/>
          <property name="Exif/DateTime" value="2016:03:09 14:42:32"/>
          <property name="Exif/DateTimeOriginal" value="2016:03:09 14:42:32"/>
          <property name="Exif/ExposureTime" value="0.5"/>
          <property name="Exif/FNumber" value="22"/>
          <property name="Exif/FocalLength" value="17"/>
          <property name="Exif/FocalPlaneXResolution" value="225.518771479532"/>
          <property name="Exif/FocalPlaneYResolution" value="192.6817971283"/>
          <property name="Exif/ISOSpeedRatings" value="800"/>
          <property name="Exif/Make" value="Canon"/>
          <property name="Exif/Model" value="Canon EOS 60D"/>
          <property name="Exif/Orientation" value="1"/>
          <property name="Exif/ShutterSpeedValue" value="1"/>
          <property name="File/ImageHeight" value="2912"/>
          <property name="File/ImageWidth" value="5184"/>
          <property name="System/FileModifyDate" value="2016:04:13 14:28:45"/>
          <property name="System/FileSize" value="2150542"/>
        </meta>
      </photo>
    </camera>
    <camera camera_id="19">
      <photo path="../../../../../../githubProjects/jomonPhotoMasks/originalImages/IMG_2084.JPG">
        <meta>
          <property name="Exif/ApertureValue" value="9"/>
          <property name="Exif/DateTime" value="2016:03:09 14:42:50"/>
          <property name="Exif/DateTimeOriginal" value="2016:03:09 14:42:50"/>
          <property name="Exif/ExposureTime" value="0.5"/>
          <property name="Exif/FNumber" value="22"/>
          <property name="Exif/FocalLength" value="17"/>
          <property name="Exif/FocalPlaneXResolution" value="225.518771479532"/>
          <property name="Exif/FocalPlaneYResolution" value="192.6817971283"/>
          <property name="Exif/ISOSpeedRatings" value="800"/>
          <property name="Exif/Make" value="Canon"/>
          <property name="Exif/Model" value="Canon EOS 60D"/>
          <property name="Exif/Orientation" value="1"/>
          <property name="Exif/ShutterSpeedValue" value="1"/>
          <property name="File/ImageHeight" value="2912"/>
          <property name="File/ImageWidth" value="5184"/>
          <property name="System/FileModifyDate" value="2016:04:13 14:28:46"/>
          <property name="System/FileSize" value="2138258"/>
        </meta>
      </photo>
    </camera>
    <camera camera_id="20">
      <photo path="../../../../../../githubProjects/jomonPhotoMasks/originalImages/IMG_2085.JPG">
        <meta>
          <property name="Exif/ApertureValue" value="9"/>
          <property name="Exif/DateTime" value="2016:03:09 14:43:11"/>
          <property name="Exif/DateTimeOriginal" value="2016:03:09 14:43:11"/>
          <property name="Exif/ExposureTime" value="0.5"/>
          <property name="Exif/FNumber" value="22"/>
          <property name="Exif/FocalLength" value="17"/>
          <property name="Exif/FocalPlaneXResolution" value="225.518771479532"/>
          <property name="Exif/FocalPlaneYResolution" value="192.6817971283"/>
          <property name="Exif/ISOSpeedRatings" value="800"/>
          <property name="Exif/Make" value="Canon"/>
          <property name="Exif/Model" value="Canon EOS 60D"/>
          <property name="Exif/Orientation" value="1"/>
          <property name="Exif/ShutterSpeedValue" value="1"/>
          <property name="File/ImageHeight" value="2912"/>
          <property name="File/ImageWidth" value="5184"/>
          <property name="System/FileModifyDate" value="2016:04:13 14:28:47"/>
          <property name="System/FileSize" value="2196940"/>
        </meta>
      </photo>
    </camera>
    <camera camera_id="21">
      <photo path="../../../../../../githubProjects/jomonPhotoMasks/originalImages/IMG_2086.JPG">
        <meta>
          <property name="Exif/ApertureValue" value="9"/>
          <property name="Exif/DateTime" value="2016:03:09 14:43:34"/>
          <property name="Exif/DateTimeOriginal" value="2016:03:09 14:43:34"/>
          <property name="Exif/ExposureTime" value="0.5"/>
          <property name="Exif/FNumber" value="22"/>
          <property name="Exif/FocalLength" value="17"/>
          <property name="Exif/FocalPlaneXResolution" value="225.518771479532"/>
          <property name="Exif/FocalPlaneYResolution" value="192.6817971283"/>
          <property name="Exif/ISOSpeedRatings" value="800"/>
          <property name="Exif/Make" value="Canon"/>
          <property name="Exif/Model" value="Canon EOS 60D"/>
          <property name="Exif/Orientation" value="1"/>
          <property name="Exif/ShutterSpeedValue" value="1"/>
          <property name="File/ImageHeight" value="2912"/>
          <property name="File/ImageWidth" value="5184"/>
          <property name="System/FileModifyDate" value="2016:04:13 14:28:48"/>
          <property name="System/FileSize" value="2193991"/>
        </meta>
      </photo>
    </camera>
    <camera camera_id="22">
      <photo path="../../../../../../githubProjects/jomonPhotoMasks/originalImages/IMG_2087.JPG">
        <meta>
          <property name="Exif/ApertureValue" value="9"/>
          <property name="Exif/DateTime" value="2016:03:09 14:43:55"/>
          <property name="Exif/DateTimeOriginal" value="2016:03:09 14:43:55"/>
          <property name="Exif/ExposureTime" value="0.5"/>
          <property name="Exif/FNumber" value="22"/>
          <property name="Exif/FocalLength" value="17"/>
          <property name="Exif/FocalPlaneXResolution" value="225.518771479532"/>
          <property name="Exif/FocalPlaneYResolution" value="192.6817971283"/>
          <property name="Exif/ISOSpeedRatings" value="800"/>
          <property name="Exif/Make" value="Canon"/>
          <property name="Exif/Model" value="Canon EOS 60D"/>
          <property name="Exif/Orientation" value="1"/>
          <property name="Exif/ShutterSpeedValue" value="1"/>
          <property name="File/ImageHeight" value="2912"/>
          <property name="File/ImageWidth" value="5184"/>
          <property name="System/FileModifyDate" value="2016:04:13 14:28:49"/>
          <property name="System/FileSize" value="2188603"/>
        </meta>
      </photo>
    </camera>
    <camera camera_id="23">
      <photo path="../../../../../../githubProjects/jomonPhotoMasks/originalImages/IMG_2088.JPG">
        <meta>
          <property name="Exif/ApertureValue" value="9"/>
          <property name="Exif/DateTime" value="2016:03:09 14:44:17"/>
          <property name="Exif/DateTimeOriginal" value="2016:03:09 14:44:17"/>
          <property name="Exif/ExposureTime" value="0.5"/>
          <property name="Exif/FNumber" value="22"/>
          <property name="Exif/FocalLength" value="17"/>
          <property name="Exif/FocalPlaneXResolution" value="225.518771479532"/>
          <property name="Exif/FocalPlaneYResolution" value="192.6817971283"/>
          <property name="Exif/ISOSpeedRatings" value="800"/>
          <property name="Exif/Make" value="Canon"/>
          <property name="Exif/Model" value="Canon EOS 60D"/>
          <property name="Exif/Orientation" value="1"/>
          <property name="Exif/ShutterSpeedValue" value="1"/>
          <property name="File/ImageHeight" value="2912"/>
          <property name="File/ImageWidth" value="5184"/>
          <property name="System/FileModifyDate" value="2016:04:13 14:28:49"/>
          <property name="System/FileSize" value="2146676"/>
        </meta>
      </photo>
    </camera>
    <camera camera_id="29">
      <photo path="../../../../../../githubProjects/jomonPhotoMasks/originalImages/IMG_2129.JPG">
        <meta>
          <property name="Exif/ApertureValue" value="9"/>
          <property name="Exif/DateTime" value="2016:03:09 16:51:46"/>
          <property name="Exif/DateTimeOriginal" value="2016:03:09 16:51:46"/>
          <property name="Exif/ExposureTime" value="0.5"/>
          <property name="Exif/FNumber" value="22"/>
          <property name="Exif/FocalLength" value="17"/>
          <property name="Exif/FocalPlaneXResolution" value="225.518771479532"/>
          <property name="Exif/FocalPlaneYResolution" value="192.6817971283"/>
          <property name="Exif/ISOSpeedRatings" value="1000"/>
          <property name="Exif/Make" value="Canon"/>
          <property name="Exif/Model" value="Canon EOS 60D"/>
          <property name="Exif/Orientation" value="1"/>
          <property name="Exif/ShutterSpeedValue" value="1"/>
          <property name="File/ImageHeight" value="2912"/>
          <property name="File/ImageWidth" value="5184"/>
          <property name="System/FileModifyDate" value="2016:04:13 14:28:54"/>
          <property name="System/FileSize" value="2346056"/>
        </meta>
      </photo>
    </camera>
    <camera camera_id="30">
      <photo path="../../../../../../githubProjects/jomonPhotoMasks/originalImages/IMG_2130.JPG">
        <meta>
          <property name="Exif/ApertureValue" value="9"/>
          <property name="Exif/DateTime" value="2016:03:09 16:52:04"/>
          <property name="Exif/DateTimeOriginal" value="2016:03:09 16:52:04"/>
          <property name="Exif/ExposureTime" value="0.5"/>
          <property name="Exif/FNumber" value="22"/>
          <property name="Exif/FocalLength" value="17"/>
          <property name="Exif/FocalPlaneXResolution" value="225.518771479532"/>
          <property name="Exif/FocalPlaneYResolution" value="192.6817971283"/>
          <property name="Exif/ISOSpeedRatings" value="1000"/>
          <property name="Exif/Make" value="Canon"/>
          <property name="Exif/Model" value="Canon EOS 60D"/>
          <property name="Exif/Orientation" value="1"/>
          <property name="Exif/ShutterSpeedValue" value="1"/>
          <property name="File/ImageHeight" value="2912"/>
          <property name="File/ImageWidth" value="5184"/>
          <property name="System/FileModifyDate" value="2016:04:13 14:28:55"/>
          <property name="System/FileSize" value="2348307"/>
        </meta>
      </photo>
    </camera>
    <camera camera_id="31">
      <photo path="../../../../../../githubProjects/jomonPhotoMasks/originalImages/IMG_2131.JPG">
        <meta>
          <property name="Exif/ApertureValue" value="9"/>
          <property name="Exif/DateTime" value="2016:03:09 16:52:20"/>
          <property name="Exif/DateTimeOriginal" value="2016:03:09 16:52:20"/>
          <property name="Exif/ExposureTime" value="0.5"/>
          <property name="Exif/FNumber" value="22"/>
          <property name="Exif/FocalLength" value="17"/>
          <property name="Exif/FocalPlaneXResolution" value="225.518771479532"/>
          <property name="Exif/FocalPlaneYResolution" value="192.6817971283"/>
          <property name="Exif/ISOSpeedRatings" value="1000"/>
          <property name="Exif/Make" value="Canon"/>
          <property name="Exif/Model" value="Canon EOS 60D"/>
          <property name="Exif/Orientation" value="1"/>
          <property name="Exif/ShutterSpeedValue" value="1"/>
          <property name="File/ImageHeight" value="2912"/>
          <property name="File/ImageWidth" value="5184"/>
          <property name="System/FileModifyDate" value="2016:04:13 14:28:55"/>
          <property name="System/FileSize" value="2343133"/>
        </meta>
      </photo>
    </camera>
    <camera camera_id="32">
      <photo path="../../../../../../githubProjects/jomonPhotoMasks/originalImages/IMG_2132.JPG">
        <meta>
          <property name="Exif/ApertureValue" value="9"/>
          <property name="Exif/DateTime" value="2016:03:09 16:52:32"/>
          <property name="Exif/DateTimeOriginal" value="2016:03:09 16:52:32"/>
          <property name="Exif/ExposureTime" value="0.5"/>
          <property name="Exif/FNumber" value="22"/>
          <property name="Exif/FocalLength" value="17"/>
          <property name="Exif/FocalPlaneXResolution" value="225.518771479532"/>
          <property name="Exif/FocalPlaneYResolution" value="192.6817971283"/>
          <property name="Exif/ISOSpeedRatings" value="1000"/>
          <property name="Exif/Make" value="Canon"/>
          <property name="Exif/Model" value="Canon EOS 60D"/>
          <property name="Exif/Orientation" value="1"/>
          <property name="Exif/ShutterSpeedValue" value="1"/>
          <property name="File/ImageHeight" value="2912"/>
          <property name="File/ImageWidth" value="5184"/>
          <property name="System/FileModifyDate" value="2016:04:13 14:28:56"/>
          <property name="System/FileSize" value="2304632"/>
        </meta>
      </photo>
    </camera>
    <camera camera_id="33">
      <photo path="../../../../../../githubProjects/jomonPhotoMasks/originalImages/IMG_2133.JPG">
        <meta>
          <property name="Exif/ApertureValue" value="9"/>
          <property name="Exif/DateTime" value="2016:03:09 16:52:48"/>
          <property name="Exif/DateTimeOriginal" value="2016:03:09 16:52:48"/>
          <property name="Exif/ExposureTime" value="0.5"/>
          <property name="Exif/FNumber" value="22"/>
          <property name="Exif/FocalLength" value="17"/>
          <property name="Exif/FocalPlaneXResolution" value="225.518771479532"/>
          <property name="Exif/FocalPlaneYResolution" value="192.6817971283"/>
          <property name="Exif/ISOSpeedRatings" value="1000"/>
          <property name="Exif/Make" value="Canon"/>
          <property name="Exif/Model" value="Canon EOS 60D"/>
          <property name="Exif/Orientation" value="1"/>
          <property name="Exif/ShutterSpeedValue" value="1"/>
          <property name="File/ImageHeight" value="2912"/>
          <property name="File/ImageWidth" value="5184"/>
          <property name="System/FileModifyDate" value="2016:04:13 14:28:56"/>
          <property name="System/FileSize" value="2314256"/>
        </meta>
      </photo>
    </camera>
    <camera camera_id="34">
      <photo path="../../../../../../githubProjects/jomonPhotoMasks/originalImages/IMG_2134.JPG">
        <meta>
          <property name="Exif/ApertureValue" value="9"/>
          <property name="Exif/DateTime" value="2016:03:09 16:53:16"/>
          <property name="Exif/DateTimeOriginal" value="2016:03:09 16:53:16"/>
          <property name="Exif/ExposureTime" value="0.5"/>
          <property name="Exif/FNumber" value="22"/>
          <property name="Exif/FocalLength" value="17"/>
          <property name="Exif/FocalPlaneXResolution" value="225.518771479532"/>
          <property name="Exif/FocalPlaneYResolution" value="192.6817971283"/>
          <property name="Exif/ISOSpeedRatings" value="1000"/>
          <property name="Exif/Make" value="Canon"/>
          <property name="Exif/Model" value="Canon EOS 60D"/>
          <property name="Exif/Orientation" value="1"/>
          <property name="Exif/ShutterSpeedValue" value="1"/>
          <property name="File/ImageHeight" value="2912"/>
          <property name="File/ImageWidth" value="5184"/>
          <property name="System/FileModifyDate" value="2016:04:13 14:28:57"/>
          <property name="System/FileSize" value="2330369"/>
        </meta>
      </photo>
    </camera>
    <camera camera_id="35">
      <photo path="../../../../../../githubProjects/jomonPhotoMasks/originalImages/IMG_2135.JPG">
        <meta>
          <property name="Exif/ApertureValue" value="9"/>
          <property name="Exif/DateTime" value="2016:03:09 16:53:29"/>
          <property name="Exif/DateTimeOriginal" value="2016:03:09 16:53:29"/>
          <property name="Exif/ExposureTime" value="0.5"/>
          <property name="Exif/FNumber" value="22"/>
          <property name="Exif/FocalLength" value="17"/>
          <property name="Exif/FocalPlaneXResolution" value="225.518771479532"/>
          <property name="Exif/FocalPlaneYResolution" value="192.6817971283"/>
          <property name="Exif/ISOSpeedRatings" value="1000"/>
          <property name="Exif/Make" value="Canon"/>
          <property name="Exif/Model" value="Canon EOS 60D"/>
          <property name="Exif/Orientation" value="1"/>
          <property name="Exif/ShutterSpeedValue" value="1"/>
          <property name="File/ImageHeight" value="2912"/>
          <property name="File/ImageWidth" value="5184"/>
          <property name="System/FileModifyDate" value="2016:04:13 14:28:58"/>
          <property name="System/FileSize" value="2349226"/>
        </meta>
      </photo>
    </camera>
    <camera camera_id="36">
      <photo path="../../../../../../githubProjects/jomonPhotoMasks/originalImages/IMG_2136.JPG">
        <meta>
          <property name="Exif/ApertureValue" value="9"/>
          <property name="Exif/DateTime" value="2016:03:09 16:53:48"/>
          <property name="Exif/DateTimeOriginal" value="2016:03:09 16:53:48"/>
          <property name="Exif/ExposureTime" value="0.5"/>
          <property name="Exif/FNumber" value="22"/>
          <property name="Exif/FocalLength" value="17"/>
          <property name="Exif/FocalPlaneXResolution" value="225.518771479532"/>
          <property name="Exif/FocalPlaneYResolution" value="192.6817971283"/>
          <property name="Exif/ISOSpeedRatings" value="1000"/>
          <property name="Exif/Make" value="Canon"/>
          <property name="Exif/Model" value="Canon EOS 60D"/>
          <property name="Exif/Orientation" value="1"/>
          <property name="Exif/ShutterSpeedValue" value="1"/>
          <property name="File/ImageHeight" value="2912"/>
          <property name="File/ImageWidth" value="5184"/>
          <property name="System/FileModifyDate" value="2016:04:13 14:28:58"/>
          <property name="System/FileSize" value="2352717"/>
        </meta>
      </photo>
    </camera>
    <camera camera_id="37">
      <photo path="../../../../../../githubProjects/jomonPhotoMasks/originalImages/IMG_2137.JPG">
        <meta>
          <property name="Exif/ApertureValue" value="9"/>
          <property name="Exif/DateTime" value="2016:03:09 16:54:03"/>
          <property name="Exif/DateTimeOriginal" value="2016:03:09 16:54:03"/>
          <property name="Exif/ExposureTime" value="0.5"/>
          <property name="Exif/FNumber" value="22"/>
          <property name="Exif/FocalLength" value="17"/>
          <property name="Exif/FocalPlaneXResolution" value="225.518771479532"/>
          <property name="Exif/FocalPlaneYResolution" value="192.6817971283"/>
          <property name="Exif/ISOSpeedRatings" value="1000"/>
          <property name="Exif/Make" value="Canon"/>
          <property name="Exif/Model" value="Canon EOS 60D"/>
          <property name="Exif/Orientation" value="1"/>
          <property name="Exif/ShutterSpeedValue" value="1"/>
          <property name="File/ImageHeight" value="2912"/>
          <property name="File/ImageWidth" value="5184"/>
          <property name="System/FileModifyDate" value="2016:04:13 14:28:59"/>
          <property name="System/FileSize" value="2353371"/>
        </meta>
      </photo>
    </camera>
    <camera camera_id="38">
      <photo path="../../../../../../githubProjects/jomonPhotoMasks/originalImages/IMG_2138.JPG">
        <meta>
          <property name="Exif/ApertureValue" value="9"/>
          <property name="Exif/DateTime" value="2016:03:09 16:54:17"/>
          <property name="Exif/DateTimeOriginal" value="2016:03:09 16:54:17"/>
          <property name="Exif/ExposureTime" value="0.5"/>
          <property name="Exif/FNumber" value="22"/>
          <property name="Exif/FocalLength" value="17"/>
          <property name="Exif/FocalPlaneXResolution" value="225.518771479532"/>
          <property name="Exif/FocalPlaneYResolution" value="192.6817971283"/>
          <property name="Exif/ISOSpeedRatings" value="1000"/>
          <property name="Exif/Make" value="Canon"/>
          <property name="Exif/Model" value="Canon EOS 60D"/>
          <property name="Exif/Orientation" value="1"/>
          <property name="Exif/ShutterSpeedValue" value="1"/>
          <property name="File/ImageHeight" value="2912"/>
          <property name="File/ImageWidth" value="5184"/>
          <property name="System/FileModifyDate" value="2016:04:13 14:29:00"/>
          <property name="System/FileSize" value="2343320"/>
        </meta>
      </photo>
    </camera>
    <camera camera_id="39">
      <photo path="../../../../../../githubProjects/jomonPhotoMasks/originalImages/IMG_2139.JPG">
        <meta>
          <property name="Exif/ApertureValue" value="9"/>
          <property name="Exif/DateTime" value="2016:03:09 16:54:29"/>
          <property name="Exif/DateTimeOriginal" value="2016:03:09 16:54:29"/>
          <property name="Exif/ExposureTime" value="0.5"/>
          <property name="Exif/FNumber" value="22"/>
          <property name="Exif/FocalLength" value="17"/>
          <property name="Exif/FocalPlaneXResolution" value="225.518771479532"/>
          <property name="Exif/FocalPlaneYResolution" value="192.6817971283"/>
          <property name="Exif/ISOSpeedRatings" value="1000"/>
          <property name="Exif/Make" value="Canon"/>
          <property name="Exif/Model" value="Canon EOS 60D"/>
          <property name="Exif/Orientation" value="1"/>
          <property name="Exif/ShutterSpeedValue" value="1"/>
          <property name="File/ImageHeight" value="2912"/>
          <property name="File/ImageWidth" value="5184"/>
          <property name="System/FileModifyDate" value="2016:04:13 14:29:01"/>
          <property name="System/FileSize" value="2352286"/>
        </meta>
      </photo>
    </camera>
    <camera camera_id="40">
      <photo path="../../../../../../githubProjects/jomonPhotoMasks/originalImages/IMG_2140.JPG">
        <meta>
          <property name="Exif/ApertureValue" value="9"/>
          <property name="Exif/DateTime" value="2016:03:09 16:54:42"/>
          <property name="Exif/DateTimeOriginal" value="2016:03:09 16:54:42"/>
          <property name="Exif/ExposureTime" value="0.5"/>
          <property name="Exif/FNumber" value="22"/>
          <property name="Exif/FocalLength" value="17"/>
          <property name="Exif/FocalPlaneXResolution" value="225.518771479532"/>
          <property name="Exif/FocalPlaneYResolution" value="192.6817971283"/>
          <property name="Exif/ISOSpeedRatings" value="1000"/>
          <property name="Exif/Make" value="Canon"/>
          <property name="Exif/Model" value="Canon EOS 60D"/>
          <property name="Exif/Orientation" value="1"/>
          <property name="Exif/ShutterSpeedValue" value="1"/>
          <property name="File/ImageHeight" value="2912"/>
          <property name="File/ImageWidth" value="5184"/>
          <property name="System/FileModifyDate" value="2016:04:13 14:29:01"/>
          <property name="System/FileSize" value="2353135"/>
        </meta>
      </photo>
    </camera>
    <camera camera_id="41">
      <photo path="../../../../../../githubProjects/jomonPhotoMasks/originalImages/IMG_2141.JPG">
        <meta>
          <property name="Exif/ApertureValue" value="9"/>
          <property name="Exif/DateTime" value="2016:03:09 16:54:50"/>
          <property name="Exif/DateTimeOriginal" value="2016:03:09 16:54:50"/>
          <property name="Exif/ExposureTime" value="0.5"/>
          <property name="Exif/FNumber" value="22"/>
          <property name="Exif/FocalLength" value="17"/>
          <property name="Exif/FocalPlaneXResolution" value="225.518771479532"/>
          <property name="Exif/FocalPlaneYResolution" value="192.6817971283"/>
          <property name="Exif/ISOSpeedRatings" value="1000"/>
          <property name="Exif/Make" value="Canon"/>
          <property name="Exif/Model" value="Canon EOS 60D"/>
          <property name="Exif/Orientation" value="1"/>
          <property name="Exif/ShutterSpeedValue" value="1"/>
          <property name="File/ImageHeight" value="2912"/>
          <property name="File/ImageWidth" value="5184"/>
          <property name="System/FileModifyDate" value="2016:04:13 14:29:02"/>
          <property name="System/FileSize" value="2348853"/>
        </meta>
      </photo>
    </camera>
    <camera camera_id="42">
      <photo path="../../../../../../githubProjects/jomonPhotoMasks/originalImages/IMG_2142.JPG">
        <meta>
          <property name="Exif/ApertureValue" value="9"/>
          <property name="Exif/DateTime" value="2016:03:09 16:55:01"/>
          <property name="Exif/DateTimeOriginal" value="2016:03:09 16:55:01"/>
          <property name="Exif/ExposureTime" value="0.5"/>
          <property name="Exif/FNumber" value="22"/>
          <property name="Exif/FocalLength" value="17"/>
          <property name="Exif/FocalPlaneXResolution" value="225.518771479532"/>
          <property name="Exif/FocalPlaneYResolution" value="192.6817971283"/>
          <property name="Exif/ISOSpeedRatings" value="1000"/>
          <property name="Exif/Make" value="Canon"/>
          <property name="Exif/Model" value="Canon EOS 60D"/>
          <property name="Exif/Orientation" value="1"/>
          <property name="Exif/ShutterSpeedValue" value="1"/>
          <property name="File/ImageHeight" value="2912"/>
          <property name="File/ImageWidth" value="5184"/>
          <property name="System/FileModifyDate" value="2016:04:13 14:29:02"/>
          <property name="System/FileSize" value="2358764"/>
        </meta>
      </photo>
    </camera>
    <camera camera_id="43">
      <photo path="../../../../../../githubProjects/jomonPhotoMasks/originalImages/IMG_2143.JPG">
        <meta>
          <property name="Exif/ApertureValue" value="9"/>
          <property name="Exif/DateTime" value="2016:03:09 16:55:16"/>
          <property name="Exif/DateTimeOriginal" value="2016:03:09 16:55:16"/>
          <property name="Exif/ExposureTime" value="0.5"/>
          <property name="Exif/FNumber" value="22"/>
          <property name="Exif/FocalLength" value="17"/>
          <property name="Exif/FocalPlaneXResolution" value="225.518771479532"/>
          <property name="Exif/FocalPlaneYResolution" value="192.6817971283"/>
          <property name="Exif/ISOSpeedRatings" value="1000"/>
          <property name="Exif/Make" value="Canon"/>
          <property name="Exif/Model" value="Canon EOS 60D"/>
          <property name="Exif/Orientation" value="1"/>
          <property name="Exif/ShutterSpeedValue" value="1"/>
          <property name="File/ImageHeight" value="2912"/>
          <property name="File/ImageWidth" value="5184"/>
          <property name="System/FileModifyDate" value="2016:04:13 14:29:03"/>
          <property name="System/FileSize" value="2315023"/>
        </meta>
      </photo>
    </camera>
    <camera camera_id="44">
      <photo path="../../../../../../githubProjects/jomonPhotoMasks/originalImages/IMG_2144.JPG">
        <meta>
          <property name="Exif/ApertureValue" value="9"/>
          <property name="Exif/DateTime" value="2016:03:09 16:55:30"/>
          <property name="Exif/DateTimeOriginal" value="2016:03:09 16:55:30"/>
          <property name="Exif/ExposureTime" value="0.5"/>
          <property name="Exif/FNumber" value="22"/>
          <property name="Exif/FocalLength" value="17"/>
          <property name="Exif/FocalPlaneXResolution" value="225.518771479532"/>
          <property name="Exif/FocalPlaneYResolution" value="192.6817971283"/>
          <property name="Exif/ISOSpeedRatings" value="1000"/>
          <property name="Exif/Make" value="Canon"/>
          <property name="Exif/Model" value="Canon EOS 60D"/>
          <property name="Exif/Orientation" value="1"/>
          <property name="Exif/ShutterSpeedValue" value="1"/>
          <property name="File/ImageHeight" value="2912"/>
          <property name="File/ImageWidth" value="5184"/>
          <property name="System/FileModifyDate" value="2016:04:13 14:29:04"/>
          <property name="System/FileSize" value="2346495"/>
        </meta>
      </photo>
    </camera>
    <camera camera_id="45">
      <photo path="../../../../../../githubProjects/jomonPhotoMasks/originalImages/IMG_2145.JPG">
        <meta>
          <property name="Exif/ApertureValue" value="9"/>
          <property name="Exif/DateTime" value="2016:03:09 16:55:46"/>
          <property name="Exif/DateTimeOriginal" value="2016:03:09 16:55:46"/>
          <property name="Exif/ExposureTime" value="0.5"/>
          <property name="Exif/FNumber" value="22"/>
          <property name="Exif/FocalLength" value="17"/>
          <property name="Exif/FocalPlaneXResolution" value="225.518771479532"/>
          <property name="Exif/FocalPlaneYResolution" value="192.6817971283"/>
          <property name="Exif/ISOSpeedRatings" value="1000"/>
          <property name="Exif/Make" value="Canon"/>
          <property name="Exif/Model" value="Canon EOS 60D"/>
          <property name="Exif/Orientation" value="1"/>
          <property name="Exif/ShutterSpeedValue" value="1"/>
          <property name="File/ImageHeight" value="2912"/>
          <property name="File/ImageWidth" value="5184"/>
          <property name="System/FileModifyDate" value="2016:04:13 14:29:04"/>
          <property name="System/FileSize" value="2328907"/>
        </meta>
      </photo>
    </camera>
    <camera camera_id="46">
      <photo path="../../../../../../githubProjects/jomonPhotoMasks/originalImages/IMG_2146.JPG">
        <meta>
          <property name="Exif/ApertureValue" value="9"/>
          <property name="Exif/DateTime" value="2016:03:09 16:56:07"/>
          <property name="Exif/DateTimeOriginal" value="2016:03:09 16:56:07"/>
          <property name="Exif/ExposureTime" value="0.5"/>
          <property name="Exif/FNumber" value="22"/>
          <property name="Exif/FocalLength" value="17"/>
          <property name="Exif/FocalPlaneXResolution" value="225.518771479532"/>
          <property name="Exif/FocalPlaneYResolution" value="192.6817971283"/>
          <property name="Exif/ISOSpeedRatings" value="1000"/>
          <property name="Exif/Make" value="Canon"/>
          <property name="Exif/Model" value="Canon EOS 60D"/>
          <property name="Exif/Orientation" value="1"/>
          <property name="Exif/ShutterSpeedValue" value="1"/>
          <property name="File/ImageHeight" value="2912"/>
          <property name="File/ImageWidth" value="5184"/>
          <property name="System/FileModifyDate" value="2016:04:13 14:29:05"/>
          <property name="System/FileSize" value="2357620"/>
        </meta>
      </photo>
    </camera>
    <camera camera_id="47">
      <photo path="../../../../../../githubProjects/jomonPhotoMasks/originalImages/IMG_2147.JPG">
        <meta>
          <property name="Exif/ApertureValue" value="9"/>
          <property name="Exif/DateTime" value="2016:03:09 16:56:24"/>
          <property name="Exif/DateTimeOriginal" value="2016:03:09 16:56:24"/>
          <property name="Exif/ExposureTime" value="0.5"/>
          <property name="Exif/FNumber" value="22"/>
          <property name="Exif/FocalLength" value="17"/>
          <property name="Exif/FocalPlaneXResolution" value="225.518771479532"/>
          <property name="Exif/FocalPlaneYResolution" value="192.6817971283"/>
          <property name="Exif/ISOSpeedRatings" value="1000"/>
          <property name="Exif/Make" value="Canon"/>
          <property name="Exif/Model" value="Canon EOS 60D"/>
          <property name="Exif/Orientation" value="1"/>
          <property name="Exif/ShutterSpeedValue" value="1"/>
          <property name="File/ImageHeight" value="2912"/>
          <property name="File/ImageWidth" value="5184"/>
          <property name="System/FileModifyDate" value="2016:04:13 14:29:05"/>
          <property name="System/FileSize" value="2349890"/>
        </meta>
      </photo>
    </camera>
    <camera camera_id="48">
      <photo path="../../../../../../githubProjects/jomonPhotoMasks/originalImages/IMG_2148.JPG">
        <meta>
          <property name="Exif/ApertureValue" value="9"/>
          <property name="Exif/DateTime" value="2016:03:09 16:56:37"/>
          <property name="Exif/DateTimeOriginal" value="2016:03:09 16:56:37"/>
          <property name="Exif/ExposureTime" value="0.5"/>
          <property name="Exif/FNumber" value="22"/>
          <property name="Exif/FocalLength" value="17"/>
          <property name="Exif/FocalPlaneXResolution" value="225.518771479532"/>
          <property name="Exif/FocalPlaneYResolution" value="192.6817971283"/>
          <property name="Exif/ISOSpeedRatings" value="1000"/>
          <property name="Exif/Make" value="Canon"/>
          <property name="Exif/Model" value="Canon EOS 60D"/>
          <property name="Exif/Orientation" value="1"/>
          <property name="Exif/ShutterSpeedValue" value="1"/>
          <property name="File/ImageHeight" value="2912"/>
          <property name="File/ImageWidth" value="5184"/>
          <property name="System/FileModifyDate" value="2016:04:13 14:29:06"/>
          <property name="System/FileSize" value="2333270"/>
        </meta>
      </photo>
    </camera>
    <camera camera_id="49">
      <photo path="../../../../../../githubProjects/jomonPhotoMasks/originalImages/IMG_2149.JPG">
        <meta>
          <property name="Exif/ApertureValue" value="9"/>
          <property name="Exif/DateTime" value="2016:03:09 16:56:49"/>
          <property name="Exif/DateTimeOriginal" value="2016:03:09 16:56:49"/>
          <property name="Exif/ExposureTime" value="0.5"/>
          <property name="Exif/FNumber" value="22"/>
          <property name="Exif/FocalLength" value="17"/>
          <property name="Exif/FocalPlaneXResolution" value="225.518771479532"/>
          <property name="Exif/FocalPlaneYResolution" value="192.6817971283"/>
          <property name="Exif/ISOSpeedRatings" value="1000"/>
          <property name="Exif/Make" value="Canon"/>
          <property name="Exif/Model" value="Canon EOS 60D"/>
          <property name="Exif/Orientation" value="1"/>
          <property name="Exif/ShutterSpeedValue" value="1"/>
          <property name="File/ImageHeight" value="2912"/>
          <property name="File/ImageWidth" value="5184"/>
          <property name="System/FileModifyDate" value="2016:04:13 14:29:07"/>
          <property name="System/FileSize" value="2323477"/>
        </meta>
      </photo>
    </camera>
    <camera camera_id="50">
      <photo path="../../../../../../githubProjects/jomonPhotoMasks/originalImages/IMG_2150.JPG">
        <meta>
          <property name="Exif/ApertureValue" value="9"/>
          <property name="Exif/DateTime" value="2016:03:09 16:57:05"/>
          <property name="Exif/DateTimeOriginal" value="2016:03:09 16:57:05"/>
          <property name="Exif/ExposureTime" value="0.5"/>
          <property name="Exif/FNumber" value="22"/>
          <property name="Exif/FocalLength" value="17"/>
          <property name="Exif/FocalPlaneXResolution" value="225.518771479532"/>
          <property name="Exif/FocalPlaneYResolution" value="192.6817971283"/>
          <property name="Exif/ISOSpeedRatings" value="1000"/>
          <property name="Exif/Make" value="Canon"/>
          <property name="Exif/Model" value="Canon EOS 60D"/>
          <property name="Exif/Orientation" value="1"/>
          <property name="Exif/ShutterSpeedValue" value="1"/>
          <property name="File/ImageHeight" value="2912"/>
          <property name="File/ImageWidth" value="5184"/>
          <property name="System/FileModifyDate" value="2016:04:13 14:29:07"/>
          <property name="System/FileSize" value="2327692"/>
        </meta>
      </photo>
    </camera>
    <camera camera_id="51">
      <photo path="../../../../../../githubProjects/jomonPhotoMasks/originalImages/IMG_2151.JPG">
        <meta>
          <property name="Exif/ApertureValue" value="9"/>
          <property name="Exif/DateTime" value="2016:03:09 16:57:18"/>
          <property name="Exif/DateTimeOriginal" value="2016:03:09 16:57:18"/>
          <property name="Exif/ExposureTime" value="0.5"/>
          <property name="Exif/FNumber" value="22"/>
          <property name="Exif/FocalLength" value="17"/>
          <property name="Exif/FocalPlaneXResolution" value="225.518771479532"/>
          <property name="Exif/FocalPlaneYResolution" value="192.6817971283"/>
          <property name="Exif/ISOSpeedRatings" value="1000"/>
          <property name="Exif/Make" value="Canon"/>
          <property name="Exif/Model" value="Canon EOS 60D"/>
          <property name="Exif/Orientation" value="1"/>
          <property name="Exif/ShutterSpeedValue" value="1"/>
          <property name="File/ImageHeight" value="2912"/>
          <property name="File/ImageWidth" value="5184"/>
          <property name="System/FileModifyDate" value="2016:04:13 14:29:08"/>
          <property name="System/FileSize" value="2325415"/>
        </meta>
      </photo>
    </camera>
    <camera camera_id="52">
      <photo path="../../../../../../githubProjects/jomonPhotoMasks/originalImages/IMG_2152.JPG">
        <meta>
          <property name="Exif/ApertureValue" value="9"/>
          <property name="Exif/DateTime" value="2016:03:09 16:57:44"/>
          <property name="Exif/DateTimeOriginal" value="2016:03:09 16:57:44"/>
          <property name="Exif/ExposureTime" value="0.5"/>
          <property name="Exif/FNumber" value="22"/>
          <property name="Exif/FocalLength" value="17"/>
          <property name="Exif/FocalPlaneXResolution" value="225.518771479532"/>
          <property name="Exif/FocalPlaneYResolution" value="192.6817971283"/>
          <property name="Exif/ISOSpeedRatings" value="1000"/>
          <property name="Exif/Make" value="Canon"/>
          <property name="Exif/Model" value="Canon EOS 60D"/>
          <property name="Exif/Orientation" value="1"/>
          <property name="Exif/ShutterSpeedValue" value="1"/>
          <property name="File/ImageHeight" value="2912"/>
          <property name="File/ImageWidth" value="5184"/>
          <property name="System/FileModifyDate" value="2016:04:13 14:29:09"/>
          <property name="System/FileSize" value="2318670"/>
        </meta>
      </photo>
    </camera>
    <camera camera_id="53">
      <photo path="../../../../../../githubProjects/jomonPhotoMasks/originalImages/IMG_2153.JPG">
        <meta>
          <property name="Exif/ApertureValue" value="9"/>
          <property name="Exif/DateTime" value="2016:03:09 16:58:07"/>
          <property name="Exif/DateTimeOriginal" value="2016:03:09 16:58:07"/>
          <property name="Exif/ExposureTime" value="0.5"/>
          <property name="Exif/FNumber" value="22"/>
          <property name="Exif/FocalLength" value="17"/>
          <property name="Exif/FocalPlaneXResolution" value="225.518771479532"/>
          <property name="Exif/FocalPlaneYResolution" value="192.6817971283"/>
          <property name="Exif/ISOSpeedRatings" value="1000"/>
          <property name="Exif/Make" value="Canon"/>
          <property name="Exif/Model" value="Canon EOS 60D"/>
          <property name="Exif/Orientation" value="1"/>
          <property name="Exif/ShutterSpeedValue" value="1"/>
          <property name="File/ImageHeight" value="2912"/>
          <property name="File/ImageWidth" value="5184"/>
          <property name="System/FileModifyDate" value="2016:04:13 14:29:10"/>
          <property name="System/FileSize" value="2349246"/>
        </meta>
      </photo>
    </camera>
    <camera camera_id="54">
      <photo path="../../../../../../githubProjects/jomonPhotoMasks/originalImages/IMG_2158.JPG">
        <meta>
          <property name="Exif/ApertureValue" value="9"/>
          <property name="Exif/DateTime" value="2016:03:09 17:04:31"/>
          <property name="Exif/DateTimeOriginal" value="2016:03:09 17:04:31"/>
          <property name="Exif/ExposureTime" value="0.5"/>
          <property name="Exif/FNumber" value="22"/>
          <property name="Exif/FocalLength" value="17"/>
          <property name="Exif/FocalPlaneXResolution" value="225.518771479532"/>
          <property name="Exif/FocalPlaneYResolution" value="192.6817971283"/>
          <property name="Exif/ISOSpeedRatings" value="1000"/>
          <property name="Exif/Make" value="Canon"/>
          <property name="Exif/Model" value="Canon EOS 60D"/>
          <property name="Exif/Orientation" value="1"/>
          <property name="Exif/ShutterSpeedValue" value="1"/>
          <property name="File/ImageHeight" value="2912"/>
          <property name="File/ImageWidth" value="5184"/>
          <property name="System/FileModifyDate" value="2016:04:13 14:29:11"/>
          <property name="System/FileSize" value="2252063"/>
        </meta>
      </photo>
    </camera>
    <camera camera_id="55">
      <photo path="../../../../../../githubProjects/jomonPhotoMasks/originalImages/IMG_2159.JPG">
        <meta>
          <property name="Exif/ApertureValue" value="9"/>
          <property name="Exif/DateTime" value="2016:03:09 17:04:47"/>
          <property name="Exif/DateTimeOriginal" value="2016:03:09 17:04:47"/>
          <property name="Exif/ExposureTime" value="0.5"/>
          <property name="Exif/FNumber" value="22"/>
          <property name="Exif/FocalLength" value="17"/>
          <property name="Exif/FocalPlaneXResolution" value="225.518771479532"/>
          <property name="Exif/FocalPlaneYResolution" value="192.6817971283"/>
          <property name="Exif/ISOSpeedRatings" value="1000"/>
          <property name="Exif/Make" value="Canon"/>
          <property name="Exif/Model" value="Canon EOS 60D"/>
          <property name="Exif/Orientation" value="1"/>
          <property name="Exif/ShutterSpeedValue" value="1"/>
          <property name="File/ImageHeight" value="2912"/>
          <property name="File/ImageWidth" value="5184"/>
          <property name="System/FileModifyDate" value="2016:04:13 14:29:11"/>
          <property name="System/FileSize" value="2257676"/>
        </meta>
      </photo>
    </camera>
    <camera camera_id="56">
      <photo path="../../../../../../githubProjects/jomonPhotoMasks/originalImages/IMG_2160.JPG">
        <meta>
          <property name="Exif/ApertureValue" value="9"/>
          <property name="Exif/DateTime" value="2016:03:09 17:05:05"/>
          <property name="Exif/DateTimeOriginal" value="2016:03:09 17:05:05"/>
          <property name="Exif/ExposureTime" value="0.5"/>
          <property name="Exif/FNumber" value="22"/>
          <property name="Exif/FocalLength" value="17"/>
          <property name="Exif/FocalPlaneXResolution" value="225.518771479532"/>
          <property name="Exif/FocalPlaneYResolution" value="192.6817971283"/>
          <property name="Exif/ISOSpeedRatings" value="1000"/>
          <property name="Exif/Make" value="Canon"/>
          <property name="Exif/Model" value="Canon EOS 60D"/>
          <property name="Exif/Orientation" value="1"/>
          <property name="Exif/ShutterSpeedValue" value="1"/>
          <property name="File/ImageHeight" value="2912"/>
          <property name="File/ImageWidth" value="5184"/>
          <property name="System/FileModifyDate" value="2016:04:13 14:29:12"/>
          <property name="System/FileSize" value="2265282"/>
        </meta>
      </photo>
    </camera>
    <camera camera_id="57">
      <photo path="../../../../../../githubProjects/jomonPhotoMasks/originalImages/IMG_2161.JPG">
        <meta>
          <property name="Exif/ApertureValue" value="9"/>
          <property name="Exif/DateTime" value="2016:03:09 17:05:21"/>
          <property name="Exif/DateTimeOriginal" value="2016:03:09 17:05:21"/>
          <property name="Exif/ExposureTime" value="0.5"/>
          <property name="Exif/FNumber" value="22"/>
          <property name="Exif/FocalLength" value="17"/>
          <property name="Exif/FocalPlaneXResolution" value="225.518771479532"/>
          <property name="Exif/FocalPlaneYResolution" value="192.6817971283"/>
          <property name="Exif/ISOSpeedRatings" value="1000"/>
          <property name="Exif/Make" value="Canon"/>
          <property name="Exif/Model" value="Canon EOS 60D"/>
          <property name="Exif/Orientation" value="1"/>
          <property name="Exif/ShutterSpeedValue" value="1"/>
          <property name="File/ImageHeight" value="2912"/>
          <property name="File/ImageWidth" value="5184"/>
          <property name="System/FileModifyDate" value="2016:04:13 14:29:13"/>
          <property name="System/FileSize" value="2267174"/>
        </meta>
      </photo>
    </camera>
    <camera camera_id="58">
      <photo path="../../../../../../githubProjects/jomonPhotoMasks/originalImages/IMG_2162.JPG">
        <meta>
          <property name="Exif/ApertureValue" value="9"/>
          <property name="Exif/DateTime" value="2016:03:09 17:05:42"/>
          <property name="Exif/DateTimeOriginal" value="2016:03:09 17:05:42"/>
          <property name="Exif/ExposureTime" value="0.5"/>
          <property name="Exif/FNumber" value="22"/>
          <property name="Exif/FocalLength" value="17"/>
          <property name="Exif/FocalPlaneXResolution" value="225.518771479532"/>
          <property name="Exif/FocalPlaneYResolution" value="192.6817971283"/>
          <property name="Exif/ISOSpeedRatings" value="1000"/>
          <property name="Exif/Make" value="Canon"/>
          <property name="Exif/Model" value="Canon EOS 60D"/>
          <property name="Exif/Orientation" value="1"/>
          <property name="Exif/ShutterSpeedValue" value="1"/>
          <property name="File/ImageHeight" value="2912"/>
          <property name="File/ImageWidth" value="5184"/>
          <property name="System/FileModifyDate" value="2016:04:13 14:29:13"/>
          <property name="System/FileSize" value="2260217"/>
        </meta>
      </photo>
    </camera>
    <camera camera_id="59">
      <photo path="../../../../../../githubProjects/jomonPhotoMasks/originalImages/IMG_2163.JPG">
        <meta>
          <property name="Exif/ApertureValue" value="9"/>
          <property name="Exif/DateTime" value="2016:03:09 17:06:03"/>
          <property name="Exif/DateTimeOriginal" value="2016:03:09 17:06:03"/>
          <property name="Exif/ExposureTime" value="0.5"/>
          <property name="Exif/FNumber" value="22"/>
          <property name="Exif/FocalLength" value="17"/>
          <property name="Exif/FocalPlaneXResolution" value="225.518771479532"/>
          <property name="Exif/FocalPlaneYResolution" value="192.6817971283"/>
          <property name="Exif/ISOSpeedRatings" value="1000"/>
          <property name="Exif/Make" value="Canon"/>
          <property name="Exif/Model" value="Canon EOS 60D"/>
          <property name="Exif/Orientation" value="1"/>
          <property name="Exif/ShutterSpeedValue" value="1"/>
          <property name="File/ImageHeight" value="2912"/>
          <property name="File/ImageWidth" value="5184"/>
          <property name="System/FileModifyDate" value="2016:04:13 14:29:14"/>
          <property name="System/FileSize" value="2262122"/>
        </meta>
      </photo>
    </camera>
    <camera camera_id="60">
      <photo path="../../../../../../githubProjects/jomonPhotoMasks/originalImages/IMG_2164.JPG">
        <meta>
          <property name="Exif/ApertureValue" value="9"/>
          <property name="Exif/DateTime" value="2016:03:09 17:06:24"/>
          <property name="Exif/DateTimeOriginal" value="2016:03:09 17:06:24"/>
          <property name="Exif/ExposureTime" value="0.5"/>
          <property name="Exif/FNumber" value="22"/>
          <property name="Exif/FocalLength" value="17"/>
          <property name="Exif/FocalPlaneXResolution" value="225.518771479532"/>
          <property name="Exif/FocalPlaneYResolution" value="192.6817971283"/>
          <property name="Exif/ISOSpeedRatings" value="1000"/>
          <property name="Exif/Make" value="Canon"/>
          <property name="Exif/Model" value="Canon EOS 60D"/>
          <property name="Exif/Orientation" value="1"/>
          <property name="Exif/ShutterSpeedValue" value="1"/>
          <property name="File/ImageHeight" value="2912"/>
          <property name="File/ImageWidth" value="5184"/>
          <property name="System/FileModifyDate" value="2016:04:13 14:29:15"/>
          <property name="System/FileSize" value="2266200"/>
        </meta>
      </photo>
    </camera>
    <camera camera_id="61">
      <photo path="../../../../../../githubProjects/jomonPhotoMasks/originalImages/IMG_2165.JPG">
        <meta>
          <property name="Exif/ApertureValue" value="9"/>
          <property name="Exif/DateTime" value="2016:03:09 17:06:47"/>
          <property name="Exif/DateTimeOriginal" value="2016:03:09 17:06:47"/>
          <property name="Exif/ExposureTime" value="0.5"/>
          <property name="Exif/FNumber" value="22"/>
          <property name="Exif/FocalLength" value="17"/>
          <property name="Exif/FocalPlaneXResolution" value="225.518771479532"/>
          <property name="Exif/FocalPlaneYResolution" value="192.6817971283"/>
          <property name="Exif/ISOSpeedRatings" value="1000"/>
          <property name="Exif/Make" value="Canon"/>
          <property name="Exif/Model" value="Canon EOS 60D"/>
          <property name="Exif/Orientation" value="1"/>
          <property name="Exif/ShutterSpeedValue" value="1"/>
          <property name="File/ImageHeight" value="2912"/>
          <property name="File/ImageWidth" value="5184"/>
          <property name="System/FileModifyDate" value="2016:04:13 14:29:16"/>
          <property name="System/FileSize" value="2269867"/>
        </meta>
      </photo>
    </camera>
    <camera camera_id="62">
      <photo path="../../../../../../githubProjects/jomonPhotoMasks/originalImages/IMG_2166.JPG">
        <meta>
          <property name="Exif/ApertureValue" value="9"/>
          <property name="Exif/DateTime" value="2016:03:09 17:07:06"/>
          <property name="Exif/DateTimeOriginal" value="2016:03:09 17:07:06"/>
          <property name="Exif/ExposureTime" value="0.5"/>
          <property name="Exif/FNumber" value="22"/>
          <property name="Exif/FocalLength" value="17"/>
          <property name="Exif/FocalPlaneXResolution" value="225.518771479532"/>
          <property name="Exif/FocalPlaneYResolution" value="192.6817971283"/>
          <property name="Exif/ISOSpeedRatings" value="1000"/>
          <property name="Exif/Make" value="Canon"/>
          <property name="Exif/Model" value="Canon EOS 60D"/>
          <property name="Exif/Orientation" value="1"/>
          <property name="Exif/ShutterSpeedValue" value="1"/>
          <property name="File/ImageHeight" value="2912"/>
          <property name="File/ImageWidth" value="5184"/>
          <property name="System/FileModifyDate" value="2016:04:13 14:29:17"/>
          <property name="System/FileSize" value="2262700"/>
        </meta>
      </photo>
    </camera>
    <camera camera_id="63">
      <photo path="../../../../../../githubProjects/jomonPhotoMasks/originalImages/IMG_2167.JPG">
        <meta>
          <property name="Exif/ApertureValue" value="9"/>
          <property name="Exif/DateTime" value="2016:03:09 17:07:30"/>
          <property name="Exif/DateTimeOriginal" value="2016:03:09 17:07:30"/>
          <property name="Exif/ExposureTime" value="0.5"/>
          <property name="Exif/FNumber" value="22"/>
          <property name="Exif/FocalLength" value="17"/>
          <property name="Exif/FocalPlaneXResolution" value="225.518771479532"/>
          <property name="Exif/FocalPlaneYResolution" value="192.6817971283"/>
          <property name="Exif/ISOSpeedRatings" value="1000"/>
          <property name="Exif/Make" value="Canon"/>
          <property name="Exif/Model" value="Canon EOS 60D"/>
          <property name="Exif/Orientation" value="1"/>
          <property name="Exif/ShutterSpeedValue" value="1"/>
          <property name="File/ImageHeight" value="2912"/>
          <property name="File/ImageWidth" value="5184"/>
          <property name="System/FileModifyDate" value="2016:04:13 14:29:17"/>
          <property name="System/FileSize" value="2267250"/>
        </meta>
      </photo>
    </camera>
    <camera camera_id="64">
      <photo path="../../../../../../githubProjects/jomonPhotoMasks/originalImages/IMG_2168.JPG">
        <meta>
          <property name="Exif/ApertureValue" value="9"/>
          <property name="Exif/DateTime" value="2016:03:09 17:07:48"/>
          <property name="Exif/DateTimeOriginal" value="2016:03:09 17:07:48"/>
          <property name="Exif/ExposureTime" value="0.5"/>
          <property name="Exif/FNumber" value="22"/>
          <property name="Exif/FocalLength" value="17"/>
          <property name="Exif/FocalPlaneXResolution" value="225.518771479532"/>
          <property name="Exif/FocalPlaneYResolution" value="192.6817971283"/>
          <property name="Exif/ISOSpeedRatings" value="1000"/>
          <property name="Exif/Make" value="Canon"/>
          <property name="Exif/Model" value="Canon EOS 60D"/>
          <property name="Exif/Orientation" value="1"/>
          <property name="Exif/ShutterSpeedValue" value="1"/>
          <property name="File/ImageHeight" value="2912"/>
          <property name="File/ImageWidth" value="5184"/>
          <property name="System/FileModifyDate" value="2016:04:13 14:29:18"/>
          <property name="System/FileSize" value="2264657"/>
        </meta>
      </photo>
    </camera>
    <camera camera_id="65">
      <photo path="../../../../../../githubProjects/jomonPhotoMasks/originalImages/IMG_2169.JPG">
        <meta>
          <property name="Exif/ApertureValue" value="9"/>
          <property name="Exif/DateTime" value="2016:03:09 17:08:37"/>
          <property name="Exif/DateTimeOriginal" value="2016:03:09 17:08:37"/>
          <property name="Exif/ExposureTime" value="0.5"/>
          <property name="Exif/FNumber" value="22"/>
          <property name="Exif/FocalLength" value="17"/>
          <property name="Exif/FocalPlaneXResolution" value="225.518771479532"/>
          <property name="Exif/FocalPlaneYResolution" value="192.6817971283"/>
          <property name="Exif/ISOSpeedRatings" value="1000"/>
          <property name="Exif/Make" value="Canon"/>
          <property name="Exif/Model" value="Canon EOS 60D"/>
          <property name="Exif/Orientation" value="1"/>
          <property name="Exif/ShutterSpeedValue" value="1"/>
          <property name="File/ImageHeight" value="2912"/>
          <property name="File/ImageWidth" value="5184"/>
          <property name="System/FileModifyDate" value="2016:04:13 14:29:18"/>
          <property name="System/FileSize" value="2249323"/>
        </meta>
      </photo>
    </camera>
    <camera camera_id="66">
      <photo path="../../../../../../githubProjects/jomonPhotoMasks/originalImages/IMG_2170.JPG">
        <meta>
          <property name="Exif/ApertureValue" value="9"/>
          <property name="Exif/DateTime" value="2016:03:09 17:09:06"/>
          <property name="Exif/DateTimeOriginal" value="2016:03:09 17:09:06"/>
          <property name="Exif/ExposureTime" value="0.5"/>
          <property name="Exif/FNumber" value="22"/>
          <property name="Exif/FocalLength" value="17"/>
          <property name="Exif/FocalPlaneXResolution" value="225.518771479532"/>
          <property name="Exif/FocalPlaneYResolution" value="192.6817971283"/>
          <property name="Exif/ISOSpeedRatings" value="1000"/>
          <property name="Exif/Make" value="Canon"/>
          <property name="Exif/Model" value="Canon EOS 60D"/>
          <property name="Exif/Orientation" value="1"/>
          <property name="Exif/ShutterSpeedValue" value="1"/>
          <property name="File/ImageHeight" value="2912"/>
          <property name="File/ImageWidth" value="5184"/>
          <property name="System/FileModifyDate" value="2016:04:13 14:29:19"/>
          <property name="System/FileSize" value="2260153"/>
        </meta>
      </photo>
    </camera>
    <camera camera_id="67">
      <photo path="../../../../../../githubProjects/jomonPhotoMasks/originalImages/IMG_2171.JPG">
        <meta>
          <property name="Exif/ApertureValue" value="9"/>
          <property name="Exif/DateTime" value="2016:03:09 17:09:21"/>
          <property name="Exif/DateTimeOriginal" value="2016:03:09 17:09:21"/>
          <property name="Exif/ExposureTime" value="0.5"/>
          <property name="Exif/FNumber" value="22"/>
          <property name="Exif/FocalLength" value="17"/>
          <property name="Exif/FocalPlaneXResolution" value="225.518771479532"/>
          <property name="Exif/FocalPlaneYResolution" value="192.6817971283"/>
          <property name="Exif/ISOSpeedRatings" value="1000"/>
          <property name="Exif/Make" value="Canon"/>
          <property name="Exif/Model" value="Canon EOS 60D"/>
          <property name="Exif/Orientation" value="1"/>
          <property name="Exif/ShutterSpeedValue" value="1"/>
          <property name="File/ImageHeight" value="2912"/>
          <property name="File/ImageWidth" value="5184"/>
          <property name="System/FileModifyDate" value="2016:04:13 14:29:19"/>
          <property name="System/FileSize" value="2245121"/>
        </meta>
      </photo>
    </camera>
    <camera camera_id="68">
      <photo path="../../../../../../githubProjects/jomonPhotoMasks/originalImages/IMG_2172.JPG">
        <meta>
          <property name="Exif/ApertureValue" value="9"/>
          <property name="Exif/DateTime" value="2016:03:09 17:09:38"/>
          <property name="Exif/DateTimeOriginal" value="2016:03:09 17:09:38"/>
          <property name="Exif/ExposureTime" value="0.5"/>
          <property name="Exif/FNumber" value="22"/>
          <property name="Exif/FocalLength" value="17"/>
          <property name="Exif/FocalPlaneXResolution" value="225.518771479532"/>
          <property name="Exif/FocalPlaneYResolution" value="192.6817971283"/>
          <property name="Exif/ISOSpeedRatings" value="1000"/>
          <property name="Exif/Make" value="Canon"/>
          <property name="Exif/Model" value="Canon EOS 60D"/>
          <property name="Exif/Orientation" value="1"/>
          <property name="Exif/ShutterSpeedValue" value="1"/>
          <property name="File/ImageHeight" value="2912"/>
          <property name="File/ImageWidth" value="5184"/>
          <property name="System/FileModifyDate" value="2016:04:13 14:29:20"/>
          <property name="System/FileSize" value="2248902"/>
        </meta>
      </photo>
    </camera>
    <camera camera_id="69">
      <photo path="../../../../../../githubProjects/jomonPhotoMasks/originalImages/IMG_2173.JPG">
        <meta>
          <property name="Exif/ApertureValue" value="9"/>
          <property name="Exif/DateTime" value="2016:03:09 17:09:59"/>
          <property name="Exif/DateTimeOriginal" value="2016:03:09 17:09:59"/>
          <property name="Exif/ExposureTime" value="0.5"/>
          <property name="Exif/FNumber" value="22"/>
          <property name="Exif/FocalLength" value="17"/>
          <property name="Exif/FocalPlaneXResolution" value="225.518771479532"/>
          <property name="Exif/FocalPlaneYResolution" value="192.6817971283"/>
          <property name="Exif/ISOSpeedRatings" value="1000"/>
          <property name="Exif/Make" value="Canon"/>
          <property name="Exif/Model" value="Canon EOS 60D"/>
          <property name="Exif/Orientation" value="1"/>
          <property name="Exif/ShutterSpeedValue" value="1"/>
          <property name="File/ImageHeight" value="2912"/>
          <property name="File/ImageWidth" value="5184"/>
          <property name="System/FileModifyDate" value="2016:04:13 14:29:21"/>
          <property name="System/FileSize" value="2259080"/>
        </meta>
      </photo>
    </camera>
    <camera camera_id="70">
      <photo path="../../../../../../githubProjects/jomonPhotoMasks/originalImages/IMG_2174.JPG">
        <meta>
          <property name="Exif/ApertureValue" value="9"/>
          <property name="Exif/DateTime" value="2016:03:09 17:10:14"/>
          <property name="Exif/DateTimeOriginal" value="2016:03:09 17:10:14"/>
          <property name="Exif/ExposureTime" value="0.5"/>
          <property name="Exif/FNumber" value="22"/>
          <property name="Exif/FocalLength" value="17"/>
          <property name="Exif/FocalPlaneXResolution" value="225.518771479532"/>
          <property name="Exif/FocalPlaneYResolution" value="192.6817971283"/>
          <property name="Exif/ISOSpeedRatings" value="1000"/>
          <property name="Exif/Make" value="Canon"/>
          <property name="Exif/Model" value="Canon EOS 60D"/>
          <property name="Exif/Orientation" value="1"/>
          <property name="Exif/ShutterSpeedValue" value="1"/>
          <property name="File/ImageHeight" value="2912"/>
          <property name="File/ImageWidth" value="5184"/>
          <property name="System/FileModifyDate" value="2016:04:13 14:29:21"/>
          <property name="System/FileSize" value="2261947"/>
        </meta>
      </photo>
    </camera>
    <camera camera_id="71">
      <photo path="../../../../../../githubProjects/jomonPhotoMasks/originalImages/IMG_2175.JPG">
        <meta>
          <property name="Exif/ApertureValue" value="9"/>
          <property name="Exif/DateTime" value="2016:03:09 17:10:34"/>
          <property name="Exif/DateTimeOriginal" value="2016:03:09 17:10:34"/>
          <property name="Exif/ExposureTime" value="0.5"/>
          <property name="Exif/FNumber" value="22"/>
          <property name="Exif/FocalLength" value="17"/>
          <property name="Exif/FocalPlaneXResolution" value="225.518771479532"/>
          <property name="Exif/FocalPlaneYResolution" value="192.6817971283"/>
          <property name="Exif/ISOSpeedRatings" value="1000"/>
          <property name="Exif/Make" value="Canon"/>
          <property name="Exif/Model" value="Canon EOS 60D"/>
          <property name="Exif/Orientation" value="1"/>
          <property name="Exif/ShutterSpeedValue" value="1"/>
          <property name="File/ImageHeight" value="2912"/>
          <property name="File/ImageWidth" value="5184"/>
          <property name="System/FileModifyDate" value="2016:04:13 14:29:22"/>
          <property name="System/FileSize" value="2257677"/>
        </meta>
      </photo>
    </camera>
    <camera camera_id="72">
      <photo path="../../../../../../githubProjects/jomonPhotoMasks/originalImages/IMG_2176.JPG">
        <meta>
          <property name="Exif/ApertureValue" value="9"/>
          <property name="Exif/DateTime" value="2016:03:09 17:10:50"/>
          <property name="Exif/DateTimeOriginal" value="2016:03:09 17:10:50"/>
          <property name="Exif/ExposureTime" value="0.5"/>
          <property name="Exif/FNumber" value="22"/>
          <property name="Exif/FocalLength" value="17"/>
          <property name="Exif/FocalPlaneXResolution" value="225.518771479532"/>
          <property name="Exif/FocalPlaneYResolution" value="192.6817971283"/>
          <property name="Exif/ISOSpeedRatings" value="1000"/>
          <property name="Exif/Make" value="Canon"/>
          <property name="Exif/Model" value="Canon EOS 60D"/>
          <property name="Exif/Orientation" value="1"/>
          <property name="Exif/ShutterSpeedValue" value="1"/>
          <property name="File/ImageHeight" value="2912"/>
          <property name="File/ImageWidth" value="5184"/>
          <property name="System/FileModifyDate" value="2016:04:13 14:29:22"/>
          <property name="System/FileSize" value="2263838"/>
        </meta>
      </photo>
    </camera>
    <camera camera_id="73">
      <photo path="../../../../../../githubProjects/jomonPhotoMasks/originalImages/IMG_2177.JPG">
        <meta>
          <property name="Exif/ApertureValue" value="9"/>
          <property name="Exif/DateTime" value="2016:03:09 17:11:04"/>
          <property name="Exif/DateTimeOriginal" value="2016:03:09 17:11:04"/>
          <property name="Exif/ExposureTime" value="0.5"/>
          <property name="Exif/FNumber" value="22"/>
          <property name="Exif/FocalLength" value="17"/>
          <property name="Exif/FocalPlaneXResolution" value="225.518771479532"/>
          <property name="Exif/FocalPlaneYResolution" value="192.6817971283"/>
          <property name="Exif/ISOSpeedRatings" value="1000"/>
          <property name="Exif/Make" value="Canon"/>
          <property name="Exif/Model" value="Canon EOS 60D"/>
          <property name="Exif/Orientation" value="1"/>
          <property name="Exif/ShutterSpeedValue" value="1"/>
          <property name="File/ImageHeight" value="2912"/>
          <property name="File/ImageWidth" value="5184"/>
          <property name="System/FileModifyDate" value="2016:04:13 14:29:23"/>
          <property name="System/FileSize" value="2247020"/>
        </meta>
      </photo>
    </camera>
    <camera camera_id="74">
      <photo path="../../../../../../githubProjects/jomonPhotoMasks/originalImages/IMG_2178.JPG">
        <meta>
          <property name="Exif/ApertureValue" value="9"/>
          <property name="Exif/DateTime" value="2016:03:09 17:11:22"/>
          <property name="Exif/DateTimeOriginal" value="2016:03:09 17:11:22"/>
          <property name="Exif/ExposureTime" value="0.5"/>
          <property name="Exif/FNumber" value="22"/>
          <property name="Exif/FocalLength" value="17"/>
          <property name="Exif/FocalPlaneXResolution" value="225.518771479532"/>
          <property name="Exif/FocalPlaneYResolution" value="192.6817971283"/>
          <property name="Exif/ISOSpeedRatings" value="1000"/>
          <property name="Exif/Make" value="Canon"/>
          <property name="Exif/Model" value="Canon EOS 60D"/>
          <property name="Exif/Orientation" value="1"/>
          <property name="Exif/ShutterSpeedValue" value="1"/>
          <property name="File/ImageHeight" value="2912"/>
          <property name="File/ImageWidth" value="5184"/>
          <property name="System/FileModifyDate" value="2016:04:13 14:29:24"/>
          <property name="System/FileSize" value="2247595"/>
        </meta>
      </photo>
    </camera>
    <camera camera_id="75">
      <photo path="../../../../../../githubProjects/jomonPhotoMasks/originalImages/IMG_2179.JPG">
        <meta>
          <property name="Exif/ApertureValue" value="9"/>
          <property name="Exif/DateTime" value="2016:03:09 17:11:41"/>
          <property name="Exif/DateTimeOriginal" value="2016:03:09 17:11:41"/>
          <property name="Exif/ExposureTime" value="0.5"/>
          <property name="Exif/FNumber" value="22"/>
          <property name="Exif/FocalLength" value="17"/>
          <property name="Exif/FocalPlaneXResolution" value="225.518771479532"/>
          <property name="Exif/FocalPlaneYResolution" value="192.6817971283"/>
          <property name="Exif/ISOSpeedRatings" value="1000"/>
          <property name="Exif/Make" value="Canon"/>
          <property name="Exif/Model" value="Canon EOS 60D"/>
          <property name="Exif/Orientation" value="1"/>
          <property name="Exif/ShutterSpeedValue" value="1"/>
          <property name="File/ImageHeight" value="2912"/>
          <property name="File/ImageWidth" value="5184"/>
          <property name="System/FileModifyDate" value="2016:04:13 14:29:25"/>
          <property name="System/FileSize" value="2261563"/>
        </meta>
      </photo>
    </camera>
    <camera camera_id="76">
      <photo path="../../../../../../githubProjects/jomonPhotoMasks/originalImages/IMG_2180.JPG">
        <meta>
          <property name="Exif/ApertureValue" value="9"/>
          <property name="Exif/DateTime" value="2016:03:09 17:11:55"/>
          <property name="Exif/DateTimeOriginal" value="2016:03:09 17:11:55"/>
          <property name="Exif/ExposureTime" value="0.5"/>
          <property name="Exif/FNumber" value="22"/>
          <property name="Exif/FocalLength" value="17"/>
          <property name="Exif/FocalPlaneXResolution" value="225.518771479532"/>
          <property name="Exif/FocalPlaneYResolution" value="192.6817971283"/>
          <property name="Exif/ISOSpeedRatings" value="1000"/>
          <property name="Exif/Make" value="Canon"/>
          <property name="Exif/Model" value="Canon EOS 60D"/>
          <property name="Exif/Orientation" value="1"/>
          <property name="Exif/ShutterSpeedValue" value="1"/>
          <property name="File/ImageHeight" value="2912"/>
          <property name="File/ImageWidth" value="5184"/>
          <property name="System/FileModifyDate" value="2016:04:13 14:29:25"/>
          <property name="System/FileSize" value="2247012"/>
        </meta>
      </photo>
    </camera>
    <camera camera_id="77">
      <photo path="../../../../../../githubProjects/jomonPhotoMasks/originalImages/IMG_2181.JPG">
        <meta>
          <property name="Exif/ApertureValue" value="9"/>
          <property name="Exif/DateTime" value="2016:03:09 17:12:08"/>
          <property name="Exif/DateTimeOriginal" value="2016:03:09 17:12:08"/>
          <property name="Exif/ExposureTime" value="0.5"/>
          <property name="Exif/FNumber" value="22"/>
          <property name="Exif/FocalLength" value="17"/>
          <property name="Exif/FocalPlaneXResolution" value="225.518771479532"/>
          <property name="Exif/FocalPlaneYResolution" value="192.6817971283"/>
          <property name="Exif/ISOSpeedRatings" value="1000"/>
          <property name="Exif/Make" value="Canon"/>
          <property name="Exif/Model" value="Canon EOS 60D"/>
          <property name="Exif/Orientation" value="1"/>
          <property name="Exif/ShutterSpeedValue" value="1"/>
          <property name="File/ImageHeight" value="2912"/>
          <property name="File/ImageWidth" value="5184"/>
          <property name="System/FileModifyDate" value="2016:04:13 14:29:26"/>
          <property name="System/FileSize" value="2255985"/>
        </meta>
      </photo>
    </camera>
    <camera camera_id="78">
      <photo path="../../../../../../githubProjects/jomonPhotoMasks/originalImages/IMG_2182.JPG">
        <meta>
          <property name="Exif/ApertureValue" value="9"/>
          <property name="Exif/DateTime" value="2016:03:09 17:12:23"/>
          <property name="Exif/DateTimeOriginal" value="2016:03:09 17:12:23"/>
          <property name="Exif/ExposureTime" value="0.5"/>
          <property name="Exif/FNumber" value="22"/>
          <property name="Exif/FocalLength" value="17"/>
          <property name="Exif/FocalPlaneXResolution" value="225.518771479532"/>
          <property name="Exif/FocalPlaneYResolution" value="192.6817971283"/>
          <property name="Exif/ISOSpeedRatings" value="1000"/>
          <property name="Exif/Make" value="Canon"/>
          <property name="Exif/Model" value="Canon EOS 60D"/>
          <property name="Exif/Orientation" value="1"/>
          <property name="Exif/ShutterSpeedValue" value="1"/>
          <property name="File/ImageHeight" value="2912"/>
          <property name="File/ImageWidth" value="5184"/>
          <property name="System/FileModifyDate" value="2016:04:13 14:29:27"/>
          <property name="System/FileSize" value="2256885"/>
        </meta>
      </photo>
    </camera>
  </cameras>
  <markers>
    <marker marker_id="0">
      <location camera_id="0" pinned="true" x="1740.8792" y="2628.4177"/>
      <location camera_id="1" pinned="true" x="1732.4867" y="2634.0127"/>
      <location camera_id="2" pinned="true" x="1732.4867" y="2625.6201"/>
      <location camera_id="3" pinned="true" x="1729.6892" y="2634.0127"/>
      <location camera_id="4" pinned="true" x="1729.6892" y="2631.2153"/>
      <location camera_id="54" pinned="true" x="2112.948" y="2670.3804"/>
      <location camera_id="55" pinned="true" x="2112.9482" y="2675.9756"/>
      <location camera_id="56" pinned="true" x="2112.948" y="2675.9753"/>
      <location camera_id="57" pinned="true" x="2121.3406" y="2670.3804"/>
      <location camera_id="58" pinned="true" x="2115.7456" y="2681.5703"/>
      <location camera_id="59" pinned="true" x="2110.1504" y="2684.3679"/>
      <location camera_id="60" pinned="true" x="2115.7456" y="2681.5703"/>
      <location camera_id="61" pinned="true" x="2110.1504" y="2678.7729"/>
      <location camera_id="62" pinned="true" x="2118.543" y="2684.3679"/>
      <location camera_id="63" pinned="true" x="2115.7456" y="2684.3679"/>
      <location camera_id="64" pinned="true" x="2118.543" y="2684.3679"/>
      <location camera_id="65" pinned="true" x="2118.543" y="2681.5703"/>
      <location camera_id="66" pinned="true" x="2115.7456" y="2678.7729"/>
      <location camera_id="67" pinned="true" x="2118.543" y="2684.3679"/>
      <location camera_id="68" pinned="true" x="2110.1504" y="2681.5703"/>
      <location camera_id="69" pinned="true" x="2112.948" y="2681.5703"/>
      <location camera_id="70" pinned="true" x="2118.543" y="2681.5703"/>
      <location camera_id="71" pinned="true" x="2118.543" y="2681.5703"/>
      <location camera_id="72" pinned="true" x="2112.948" y="2684.3679"/>
      <location camera_id="73" pinned="true" x="2118.543" y="2684.3679"/>
      <location camera_id="74" pinned="true" x="2121.3406" y="2681.5703"/>
      <location camera_id="75" pinned="true" x="2112.948" y="2681.5703"/>
      <location camera_id="76" pinned="true" x="2115.7456" y="2678.7729"/>
      <location camera_id="77" pinned="true" x="2118.543" y="2681.5703"/>
      <location camera_id="78" pinned="true" x="2112.948" y="2681.5703"/>
    </marker>
    <marker marker_id="1">
      <location camera_id="0" pinned="true" x="3313.0796" y="2639.6079"/>
      <location camera_id="1" pinned="true" x="3304.687" y="2645.2029"/>
      <location camera_id="2" pinned="true" x="3301.8896" y="2642.4053"/>
      <location camera_id="3" pinned="true" x="3304.687" y="2645.2029"/>
      <location camera_id="4" pinned="true" x="3307.4846" y="2645.2029"/>
      <location camera_id="54" pinned="true" x="3189.9893" y="2653.5955"/>
      <location camera_id="55" pinned="true" x="3189.9893" y="2659.1904"/>
      <location camera_id="56" pinned="true" x="3189.9893" y="2659.1904"/>
      <location camera_id="57" pinned="true" x="3198.3818" y="2656.3928"/>
      <location camera_id="58" pinned="true" x="3192.7866" y="2650.7979"/>
      <location camera_id="59" pinned="true" x="3192.7866" y="2653.5952"/>
      <location camera_id="60" pinned="true" x="3187.1917" y="2650.7979"/>
      <location camera_id="61" pinned="true" x="3192.7866" y="2653.5952"/>
      <location camera_id="62" pinned="true" x="3189.9893" y="2653.5952"/>
      <location camera_id="63" pinned="true" x="3192.7866" y="2650.7979"/>
      <location camera_id="64" pinned="true" x="3187.1917" y="2653.5952"/>
      <location camera_id="65" pinned="true" x="3189.9893" y="2656.3928"/>
      <location camera_id="66" pinned="true" x="3198.3818" y="2653.5952"/>
      <location camera_id="67" pinned="true" x="3192.7866" y="2653.5952"/>
      <location camera_id="68" pinned="true" x="3187.1917" y="2650.7979"/>
      <location camera_id="69" pinned="true" x="3192.7866" y="2653.5952"/>
      <location camera_id="70" pinned="true" x="3198.3818" y="2653.5952"/>
      <location camera_id="71" pinned="true" x="3189.9893" y="2650.7979"/>
      <location camera_id="72" pinned="true" x="3195.5842" y="2650.7979"/>
      <location camera_id="73" pinned="true" x="3195.5842" y="2650.7979"/>
      <location camera_id="74" pinned="true" x="3195.5842" y="2653.5952"/>
      <location camera_id="75" pinned="true" x="3195.5842" y="2650.7979"/>
      <location camera_id="76" pinned="true" x="3195.5842" y="2653.5952"/>
      <location camera_id="77" pinned="true" x="3198.3818" y="2650.7979"/>
      <location camera_id="78" pinned="true" x="3192.7866" y="2653.5952"/>
    </marker>
  </markers>
  <masks path="masks/masks.zip"/>
  <thumbnails path="thumbnails/thumbnails.zip"/>
  <point_cloud path="point_cloud/point_cloud.zip"/>
  <dense_cloud path="dense_cloud/dense_cloud.zip"/>
  <model path="model.1/model.zip"/>
</frame>
