<?xml version="1.0" encoding="UTF-8"?>
<frame>
  <cameras>
    <camera camera_id="0">
      <photo path="../../../../../../githubProjects/jomonPhotoMasks/originalImages/IMG_2121.JPG">
        <meta>
          <property name="Exif/ApertureValue" value="9"/>
          <property name="Exif/DateTime" value="2016:03:09 16:41:47"/>
          <property name="Exif/DateTimeOriginal" value="2016:03:09 16:41:47"/>
          <property name="Exif/ExposureTime" value="0.5"/>
          <property name="Exif/FNumber" value="22"/>
          <property name="Exif/FocalLength" value="17"/>
          <property name="Exif/FocalPlaneXResolution" value="225.518771479532"/>
          <property name="Exif/FocalPlaneYResolution" value="192.6817971283"/>
          <property name="Exif/ISOSpeedRatings" value="1000"/>
          <property name="Exif/Make" value="Canon"/>
          <property name="Exif/Model" value="Canon EOS 60D"/>
          <property name="Exif/Orientation" value="1"/>
          <property name="Exif/ShutterSpeedValue" value="1"/>
          <property name="File/ImageHeight" value="2912"/>
          <property name="File/ImageWidth" value="5184"/>
          <property name="System/FileModifyDate" value="2016:04:13 14:28:50"/>
          <property name="System/FileSize" value="2286418"/>
        </meta>
      </photo>
    </camera>
    <camera camera_id="1">
      <photo path="../../../../../../githubProjects/jomonPhotoMasks/originalImages/IMG_2122.JPG">
        <meta>
          <property name="Exif/ApertureValue" value="9"/>
          <property name="Exif/DateTime" value="2016:03:09 16:42:11"/>
          <property name="Exif/DateTimeOriginal" value="2016:03:09 16:42:11"/>
          <property name="Exif/ExposureTime" value="0.5"/>
          <property name="Exif/FNumber" value="22"/>
          <property name="Exif/FocalLength" value="17"/>
          <property name="Exif/FocalPlaneXResolution" value="225.518771479532"/>
          <property name="Exif/FocalPlaneYResolution" value="192.6817971283"/>
          <property name="Exif/ISOSpeedRatings" value="1000"/>
          <property name="Exif/Make" value="Canon"/>
          <property name="Exif/Model" value="Canon EOS 60D"/>
          <property name="Exif/Orientation" value="1"/>
          <property name="Exif/ShutterSpeedValue" value="1"/>
          <property name="File/ImageHeight" value="2912"/>
          <property name="File/ImageWidth" value="5184"/>
          <property name="System/FileModifyDate" value="2016:04:13 14:28:51"/>
          <property name="System/FileSize" value="2248007"/>
        </meta>
      </photo>
    </camera>
    <camera camera_id="2">
      <photo path="../../../../../../githubProjects/jomonPhotoMasks/originalImages/IMG_2123.JPG">
        <meta>
          <property name="Exif/ApertureValue" value="9"/>
          <property name="Exif/DateTime" value="2016:03:09 16:42:31"/>
          <property name="Exif/DateTimeOriginal" value="2016:03:09 16:42:31"/>
          <property name="Exif/ExposureTime" value="0.5"/>
          <property name="Exif/FNumber" value="22"/>
          <property name="Exif/FocalLength" value="17"/>
          <property name="Exif/FocalPlaneXResolution" value="225.518771479532"/>
          <property name="Exif/FocalPlaneYResolution" value="192.6817971283"/>
          <property name="Exif/ISOSpeedRatings" value="1000"/>
          <property name="Exif/Make" value="Canon"/>
          <property name="Exif/Model" value="Canon EOS 60D"/>
          <property name="Exif/Orientation" value="1"/>
          <property name="Exif/ShutterSpeedValue" value="1"/>
          <property name="File/ImageHeight" value="2912"/>
          <property name="File/ImageWidth" value="5184"/>
          <property name="System/FileModifyDate" value="2016:04:13 14:28:52"/>
          <property name="System/FileSize" value="2243507"/>
        </meta>
      </photo>
    </camera>
    <camera camera_id="3">
      <photo path="../../../../../../githubProjects/jomonPhotoMasks/originalImages/IMG_2124.JPG">
        <meta>
          <property name="Exif/ApertureValue" value="9"/>
          <property name="Exif/DateTime" value="2016:03:09 16:42:49"/>
          <property name="Exif/DateTimeOriginal" value="2016:03:09 16:42:49"/>
          <property name="Exif/ExposureTime" value="0.5"/>
          <property name="Exif/FNumber" value="22"/>
          <property name="Exif/FocalLength" value="17"/>
          <property name="Exif/FocalPlaneXResolution" value="225.518771479532"/>
          <property name="Exif/FocalPlaneYResolution" value="192.6817971283"/>
          <property name="Exif/ISOSpeedRatings" value="1000"/>
          <property name="Exif/Make" value="Canon"/>
          <property name="Exif/Model" value="Canon EOS 60D"/>
          <property name="Exif/Orientation" value="1"/>
          <property name="Exif/ShutterSpeedValue" value="1"/>
          <property name="File/ImageHeight" value="2912"/>
          <property name="File/ImageWidth" value="5184"/>
          <property name="System/FileModifyDate" value="2016:04:13 14:28:53"/>
          <property name="System/FileSize" value="2222734"/>
        </meta>
      </photo>
    </camera>
  </cameras>
  <markers>
    <marker marker_id="0">
      <location camera_id="0" pinned="true" x="2667.105" y="908.8468"/>
      <location camera_id="1" pinned="true" x="1870.7634" y="1901.5563"/>
    </marker>
    <marker marker_id="1">
      <location camera_id="0" pinned="true" x="3638.5798" y="1757.5249"/>
      <location camera_id="1" pinned="true" x="2578.9148" y="957.35431"/>
    </marker>
    <marker marker_id="2">
      <location camera_id="0" pinned="true" x="1794.5532" y="1743.7068"/>
      <location camera_id="1" pinned="true" x="2787.1948" y="2660.6206"/>
    </marker>
    <marker marker_id="3">
      <location camera_id="0" pinned="true" x="3088.675" y="1871.7502"/>
      <location camera_id="1" pinned="true" x="2733.3914" y="1605.9867"/>
      <location camera_id="2" pinned="true" x="2423.3367" y="1944.2035"/>
    </marker>
  </markers>
  <masks path="masks/masks.zip"/>
  <thumbnails path="thumbnails/thumbnails.zip"/>
  <point_cloud path="point_cloud/point_cloud.zip"/>
</frame>
