<?xml version="1.0" encoding="UTF-8"?>
<point_cloud version="1.2.0">
  <tracks path="tracks.ply" count="206"/>
  <points path="points.ply" count="51"/>
  <projections camera_id="0" path="p0.ply" count="121"/>
  <projections camera_id="1" path="p1.ply" count="94"/>
  <projections camera_id="2" path="p2.ply" count="92"/>
  <projections camera_id="3" path="p3.ply" count="117"/>
  <meta>
    <property name="match/duration" value="29.663045"/>
    <property name="match/match_downscale" value="0"/>
    <property name="match/match_filter_mask" value="true"/>
    <property name="match/match_point_limit" value="40000"/>
    <property name="match/match_select_pairs" value="0"/>
    <property name="match/match_tiepoint_limit" value="4000"/>
  </meta>
</point_cloud>
