<?xml version="1.0" encoding="UTF-8"?>
<point_cloud version="1.2.0">
  <tracks path="tracks.ply" count="7157"/>
  <points path="points.ply" count="3389"/>
  <projections camera_id="0" path="p0.ply" count="2826"/>
  <projections camera_id="1" path="p1.ply" count="2826"/>
  <projections camera_id="2" path="p2.ply" count="431"/>
  <projections camera_id="3" path="p3.ply" count="458"/>
  <projections camera_id="4" path="p4.ply" count="508"/>
  <projections camera_id="5" path="p5.ply" count="518"/>
  <projections camera_id="6" path="p6.ply" count="392"/>
  <projections camera_id="7" path="p7.ply" count="388"/>
  <projections camera_id="8" path="p8.ply" count="585"/>
  <projections camera_id="9" path="p9.ply" count="567"/>
  <projections camera_id="10" path="p10.ply" count="483"/>
  <projections camera_id="11" path="p11.ply" count="535"/>
  <projections camera_id="12" path="p12.ply" count="491"/>
  <projections camera_id="13" path="p13.ply" count="470"/>
  <projections camera_id="14" path="p14.ply" count="537"/>
  <projections camera_id="15" path="p15.ply" count="507"/>
  <projections camera_id="16" path="p16.ply" count="442"/>
  <projections camera_id="17" path="p17.ply" count="507"/>
  <projections camera_id="18" path="p18.ply" count="539"/>
  <projections camera_id="19" path="p19.ply" count="404"/>
  <projections camera_id="20" path="p20.ply" count="440"/>
  <projections camera_id="21" path="p21.ply" count="465"/>
  <projections camera_id="22" path="p22.ply" count="437"/>
  <projections camera_id="23" path="p23.ply" count="447"/>
  <projections camera_id="24" path="p24.ply" count="321"/>
  <meta>
    <property name="match/duration" value="44.433547"/>
    <property name="match/match_downscale" value="2"/>
    <property name="match/match_filter_mask" value="true"/>
    <property name="match/match_point_limit" value="40000"/>
    <property name="match/match_select_pairs" value="1"/>
    <property name="match/match_tiepoint_limit" value="4000"/>
  </meta>
</point_cloud>
