<?xml version="1.0" encoding="UTF-8"?>
<frame>
  <cameras>
    <camera camera_id="1">
      <photo path="../../../../../../githubProjects/jomonPhotoMasks/originalImages/IMG_2158.JPG">
        <meta>
          <property name="Exif/ApertureValue" value="9"/>
          <property name="Exif/DateTime" value="2016:03:09 17:04:31"/>
          <property name="Exif/DateTimeOriginal" value="2016:03:09 17:04:31"/>
          <property name="Exif/ExposureTime" value="0.5"/>
          <property name="Exif/FNumber" value="22"/>
          <property name="Exif/FocalLength" value="17"/>
          <property name="Exif/FocalPlaneXResolution" value="225.518771479532"/>
          <property name="Exif/FocalPlaneYResolution" value="192.6817971283"/>
          <property name="Exif/ISOSpeedRatings" value="1000"/>
          <property name="Exif/Make" value="Canon"/>
          <property name="Exif/Model" value="Canon EOS 60D"/>
          <property name="Exif/Orientation" value="1"/>
          <property name="Exif/ShutterSpeedValue" value="1"/>
          <property name="File/ImageHeight" value="2912"/>
          <property name="File/ImageWidth" value="5184"/>
          <property name="System/FileModifyDate" value="2016:04:13 14:29:11"/>
          <property name="System/FileSize" value="2252063"/>
        </meta>
      </photo>
    </camera>
    <camera camera_id="2">
      <photo path="../../../../../../githubProjects/jomonPhotoMasks/originalImages/IMG_2159.JPG">
        <meta>
          <property name="Exif/ApertureValue" value="9"/>
          <property name="Exif/DateTime" value="2016:03:09 17:04:47"/>
          <property name="Exif/DateTimeOriginal" value="2016:03:09 17:04:47"/>
          <property name="Exif/ExposureTime" value="0.5"/>
          <property name="Exif/FNumber" value="22"/>
          <property name="Exif/FocalLength" value="17"/>
          <property name="Exif/FocalPlaneXResolution" value="225.518771479532"/>
          <property name="Exif/FocalPlaneYResolution" value="192.6817971283"/>
          <property name="Exif/ISOSpeedRatings" value="1000"/>
          <property name="Exif/Make" value="Canon"/>
          <property name="Exif/Model" value="Canon EOS 60D"/>
          <property name="Exif/Orientation" value="1"/>
          <property name="Exif/ShutterSpeedValue" value="1"/>
          <property name="File/ImageHeight" value="2912"/>
          <property name="File/ImageWidth" value="5184"/>
          <property name="System/FileModifyDate" value="2016:04:13 14:29:11"/>
          <property name="System/FileSize" value="2257676"/>
        </meta>
      </photo>
    </camera>
    <camera camera_id="3">
      <photo path="../../../../../../githubProjects/jomonPhotoMasks/originalImages/IMG_2160.JPG">
        <meta>
          <property name="Exif/ApertureValue" value="9"/>
          <property name="Exif/DateTime" value="2016:03:09 17:05:05"/>
          <property name="Exif/DateTimeOriginal" value="2016:03:09 17:05:05"/>
          <property name="Exif/ExposureTime" value="0.5"/>
          <property name="Exif/FNumber" value="22"/>
          <property name="Exif/FocalLength" value="17"/>
          <property name="Exif/FocalPlaneXResolution" value="225.518771479532"/>
          <property name="Exif/FocalPlaneYResolution" value="192.6817971283"/>
          <property name="Exif/ISOSpeedRatings" value="1000"/>
          <property name="Exif/Make" value="Canon"/>
          <property name="Exif/Model" value="Canon EOS 60D"/>
          <property name="Exif/Orientation" value="1"/>
          <property name="Exif/ShutterSpeedValue" value="1"/>
          <property name="File/ImageHeight" value="2912"/>
          <property name="File/ImageWidth" value="5184"/>
          <property name="System/FileModifyDate" value="2016:04:13 14:29:12"/>
          <property name="System/FileSize" value="2265282"/>
        </meta>
      </photo>
    </camera>
    <camera camera_id="4">
      <photo path="../../../../../../githubProjects/jomonPhotoMasks/originalImages/IMG_2161.JPG">
        <meta>
          <property name="Exif/ApertureValue" value="9"/>
          <property name="Exif/DateTime" value="2016:03:09 17:05:21"/>
          <property name="Exif/DateTimeOriginal" value="2016:03:09 17:05:21"/>
          <property name="Exif/ExposureTime" value="0.5"/>
          <property name="Exif/FNumber" value="22"/>
          <property name="Exif/FocalLength" value="17"/>
          <property name="Exif/FocalPlaneXResolution" value="225.518771479532"/>
          <property name="Exif/FocalPlaneYResolution" value="192.6817971283"/>
          <property name="Exif/ISOSpeedRatings" value="1000"/>
          <property name="Exif/Make" value="Canon"/>
          <property name="Exif/Model" value="Canon EOS 60D"/>
          <property name="Exif/Orientation" value="1"/>
          <property name="Exif/ShutterSpeedValue" value="1"/>
          <property name="File/ImageHeight" value="2912"/>
          <property name="File/ImageWidth" value="5184"/>
          <property name="System/FileModifyDate" value="2016:04:13 14:29:13"/>
          <property name="System/FileSize" value="2267174"/>
        </meta>
      </photo>
    </camera>
    <camera camera_id="5">
      <photo path="../../../../../../githubProjects/jomonPhotoMasks/originalImages/IMG_2162.JPG">
        <meta>
          <property name="Exif/ApertureValue" value="9"/>
          <property name="Exif/DateTime" value="2016:03:09 17:05:42"/>
          <property name="Exif/DateTimeOriginal" value="2016:03:09 17:05:42"/>
          <property name="Exif/ExposureTime" value="0.5"/>
          <property name="Exif/FNumber" value="22"/>
          <property name="Exif/FocalLength" value="17"/>
          <property name="Exif/FocalPlaneXResolution" value="225.518771479532"/>
          <property name="Exif/FocalPlaneYResolution" value="192.6817971283"/>
          <property name="Exif/ISOSpeedRatings" value="1000"/>
          <property name="Exif/Make" value="Canon"/>
          <property name="Exif/Model" value="Canon EOS 60D"/>
          <property name="Exif/Orientation" value="1"/>
          <property name="Exif/ShutterSpeedValue" value="1"/>
          <property name="File/ImageHeight" value="2912"/>
          <property name="File/ImageWidth" value="5184"/>
          <property name="System/FileModifyDate" value="2016:04:13 14:29:13"/>
          <property name="System/FileSize" value="2260217"/>
        </meta>
      </photo>
    </camera>
    <camera camera_id="6">
      <photo path="../../../../../../githubProjects/jomonPhotoMasks/originalImages/IMG_2163.JPG">
        <meta>
          <property name="Exif/ApertureValue" value="9"/>
          <property name="Exif/DateTime" value="2016:03:09 17:06:03"/>
          <property name="Exif/DateTimeOriginal" value="2016:03:09 17:06:03"/>
          <property name="Exif/ExposureTime" value="0.5"/>
          <property name="Exif/FNumber" value="22"/>
          <property name="Exif/FocalLength" value="17"/>
          <property name="Exif/FocalPlaneXResolution" value="225.518771479532"/>
          <property name="Exif/FocalPlaneYResolution" value="192.6817971283"/>
          <property name="Exif/ISOSpeedRatings" value="1000"/>
          <property name="Exif/Make" value="Canon"/>
          <property name="Exif/Model" value="Canon EOS 60D"/>
          <property name="Exif/Orientation" value="1"/>
          <property name="Exif/ShutterSpeedValue" value="1"/>
          <property name="File/ImageHeight" value="2912"/>
          <property name="File/ImageWidth" value="5184"/>
          <property name="System/FileModifyDate" value="2016:04:13 14:29:14"/>
          <property name="System/FileSize" value="2262122"/>
        </meta>
      </photo>
    </camera>
    <camera camera_id="7">
      <photo path="../../../../../../githubProjects/jomonPhotoMasks/originalImages/IMG_2164.JPG">
        <meta>
          <property name="Exif/ApertureValue" value="9"/>
          <property name="Exif/DateTime" value="2016:03:09 17:06:24"/>
          <property name="Exif/DateTimeOriginal" value="2016:03:09 17:06:24"/>
          <property name="Exif/ExposureTime" value="0.5"/>
          <property name="Exif/FNumber" value="22"/>
          <property name="Exif/FocalLength" value="17"/>
          <property name="Exif/FocalPlaneXResolution" value="225.518771479532"/>
          <property name="Exif/FocalPlaneYResolution" value="192.6817971283"/>
          <property name="Exif/ISOSpeedRatings" value="1000"/>
          <property name="Exif/Make" value="Canon"/>
          <property name="Exif/Model" value="Canon EOS 60D"/>
          <property name="Exif/Orientation" value="1"/>
          <property name="Exif/ShutterSpeedValue" value="1"/>
          <property name="File/ImageHeight" value="2912"/>
          <property name="File/ImageWidth" value="5184"/>
          <property name="System/FileModifyDate" value="2016:04:13 14:29:15"/>
          <property name="System/FileSize" value="2266200"/>
        </meta>
      </photo>
    </camera>
    <camera camera_id="8">
      <photo path="../../../../../../githubProjects/jomonPhotoMasks/originalImages/IMG_2165.JPG">
        <meta>
          <property name="Exif/ApertureValue" value="9"/>
          <property name="Exif/DateTime" value="2016:03:09 17:06:47"/>
          <property name="Exif/DateTimeOriginal" value="2016:03:09 17:06:47"/>
          <property name="Exif/ExposureTime" value="0.5"/>
          <property name="Exif/FNumber" value="22"/>
          <property name="Exif/FocalLength" value="17"/>
          <property name="Exif/FocalPlaneXResolution" value="225.518771479532"/>
          <property name="Exif/FocalPlaneYResolution" value="192.6817971283"/>
          <property name="Exif/ISOSpeedRatings" value="1000"/>
          <property name="Exif/Make" value="Canon"/>
          <property name="Exif/Model" value="Canon EOS 60D"/>
          <property name="Exif/Orientation" value="1"/>
          <property name="Exif/ShutterSpeedValue" value="1"/>
          <property name="File/ImageHeight" value="2912"/>
          <property name="File/ImageWidth" value="5184"/>
          <property name="System/FileModifyDate" value="2016:04:13 14:29:16"/>
          <property name="System/FileSize" value="2269867"/>
        </meta>
      </photo>
    </camera>
    <camera camera_id="9">
      <photo path="../../../../../../githubProjects/jomonPhotoMasks/originalImages/IMG_2166.JPG">
        <meta>
          <property name="Exif/ApertureValue" value="9"/>
          <property name="Exif/DateTime" value="2016:03:09 17:07:06"/>
          <property name="Exif/DateTimeOriginal" value="2016:03:09 17:07:06"/>
          <property name="Exif/ExposureTime" value="0.5"/>
          <property name="Exif/FNumber" value="22"/>
          <property name="Exif/FocalLength" value="17"/>
          <property name="Exif/FocalPlaneXResolution" value="225.518771479532"/>
          <property name="Exif/FocalPlaneYResolution" value="192.6817971283"/>
          <property name="Exif/ISOSpeedRatings" value="1000"/>
          <property name="Exif/Make" value="Canon"/>
          <property name="Exif/Model" value="Canon EOS 60D"/>
          <property name="Exif/Orientation" value="1"/>
          <property name="Exif/ShutterSpeedValue" value="1"/>
          <property name="File/ImageHeight" value="2912"/>
          <property name="File/ImageWidth" value="5184"/>
          <property name="System/FileModifyDate" value="2016:04:13 14:29:17"/>
          <property name="System/FileSize" value="2262700"/>
        </meta>
      </photo>
    </camera>
    <camera camera_id="10">
      <photo path="../../../../../../githubProjects/jomonPhotoMasks/originalImages/IMG_2167.JPG">
        <meta>
          <property name="Exif/ApertureValue" value="9"/>
          <property name="Exif/DateTime" value="2016:03:09 17:07:30"/>
          <property name="Exif/DateTimeOriginal" value="2016:03:09 17:07:30"/>
          <property name="Exif/ExposureTime" value="0.5"/>
          <property name="Exif/FNumber" value="22"/>
          <property name="Exif/FocalLength" value="17"/>
          <property name="Exif/FocalPlaneXResolution" value="225.518771479532"/>
          <property name="Exif/FocalPlaneYResolution" value="192.6817971283"/>
          <property name="Exif/ISOSpeedRatings" value="1000"/>
          <property name="Exif/Make" value="Canon"/>
          <property name="Exif/Model" value="Canon EOS 60D"/>
          <property name="Exif/Orientation" value="1"/>
          <property name="Exif/ShutterSpeedValue" value="1"/>
          <property name="File/ImageHeight" value="2912"/>
          <property name="File/ImageWidth" value="5184"/>
          <property name="System/FileModifyDate" value="2016:04:13 14:29:17"/>
          <property name="System/FileSize" value="2267250"/>
        </meta>
      </photo>
    </camera>
    <camera camera_id="11">
      <photo path="../../../../../../githubProjects/jomonPhotoMasks/originalImages/IMG_2168.JPG">
        <meta>
          <property name="Exif/ApertureValue" value="9"/>
          <property name="Exif/DateTime" value="2016:03:09 17:07:48"/>
          <property name="Exif/DateTimeOriginal" value="2016:03:09 17:07:48"/>
          <property name="Exif/ExposureTime" value="0.5"/>
          <property name="Exif/FNumber" value="22"/>
          <property name="Exif/FocalLength" value="17"/>
          <property name="Exif/FocalPlaneXResolution" value="225.518771479532"/>
          <property name="Exif/FocalPlaneYResolution" value="192.6817971283"/>
          <property name="Exif/ISOSpeedRatings" value="1000"/>
          <property name="Exif/Make" value="Canon"/>
          <property name="Exif/Model" value="Canon EOS 60D"/>
          <property name="Exif/Orientation" value="1"/>
          <property name="Exif/ShutterSpeedValue" value="1"/>
          <property name="File/ImageHeight" value="2912"/>
          <property name="File/ImageWidth" value="5184"/>
          <property name="System/FileModifyDate" value="2016:04:13 14:29:18"/>
          <property name="System/FileSize" value="2264657"/>
        </meta>
      </photo>
    </camera>
    <camera camera_id="12">
      <photo path="../../../../../../githubProjects/jomonPhotoMasks/originalImages/IMG_2169.JPG">
        <meta>
          <property name="Exif/ApertureValue" value="9"/>
          <property name="Exif/DateTime" value="2016:03:09 17:08:37"/>
          <property name="Exif/DateTimeOriginal" value="2016:03:09 17:08:37"/>
          <property name="Exif/ExposureTime" value="0.5"/>
          <property name="Exif/FNumber" value="22"/>
          <property name="Exif/FocalLength" value="17"/>
          <property name="Exif/FocalPlaneXResolution" value="225.518771479532"/>
          <property name="Exif/FocalPlaneYResolution" value="192.6817971283"/>
          <property name="Exif/ISOSpeedRatings" value="1000"/>
          <property name="Exif/Make" value="Canon"/>
          <property name="Exif/Model" value="Canon EOS 60D"/>
          <property name="Exif/Orientation" value="1"/>
          <property name="Exif/ShutterSpeedValue" value="1"/>
          <property name="File/ImageHeight" value="2912"/>
          <property name="File/ImageWidth" value="5184"/>
          <property name="System/FileModifyDate" value="2016:04:13 14:29:18"/>
          <property name="System/FileSize" value="2249323"/>
        </meta>
      </photo>
    </camera>
    <camera camera_id="13">
      <photo path="../../../../../../githubProjects/jomonPhotoMasks/originalImages/IMG_2170.JPG">
        <meta>
          <property name="Exif/ApertureValue" value="9"/>
          <property name="Exif/DateTime" value="2016:03:09 17:09:06"/>
          <property name="Exif/DateTimeOriginal" value="2016:03:09 17:09:06"/>
          <property name="Exif/ExposureTime" value="0.5"/>
          <property name="Exif/FNumber" value="22"/>
          <property name="Exif/FocalLength" value="17"/>
          <property name="Exif/FocalPlaneXResolution" value="225.518771479532"/>
          <property name="Exif/FocalPlaneYResolution" value="192.6817971283"/>
          <property name="Exif/ISOSpeedRatings" value="1000"/>
          <property name="Exif/Make" value="Canon"/>
          <property name="Exif/Model" value="Canon EOS 60D"/>
          <property name="Exif/Orientation" value="1"/>
          <property name="Exif/ShutterSpeedValue" value="1"/>
          <property name="File/ImageHeight" value="2912"/>
          <property name="File/ImageWidth" value="5184"/>
          <property name="System/FileModifyDate" value="2016:04:13 14:29:19"/>
          <property name="System/FileSize" value="2260153"/>
        </meta>
      </photo>
    </camera>
    <camera camera_id="14">
      <photo path="../../../../../../githubProjects/jomonPhotoMasks/originalImages/IMG_2171.JPG">
        <meta>
          <property name="Exif/ApertureValue" value="9"/>
          <property name="Exif/DateTime" value="2016:03:09 17:09:21"/>
          <property name="Exif/DateTimeOriginal" value="2016:03:09 17:09:21"/>
          <property name="Exif/ExposureTime" value="0.5"/>
          <property name="Exif/FNumber" value="22"/>
          <property name="Exif/FocalLength" value="17"/>
          <property name="Exif/FocalPlaneXResolution" value="225.518771479532"/>
          <property name="Exif/FocalPlaneYResolution" value="192.6817971283"/>
          <property name="Exif/ISOSpeedRatings" value="1000"/>
          <property name="Exif/Make" value="Canon"/>
          <property name="Exif/Model" value="Canon EOS 60D"/>
          <property name="Exif/Orientation" value="1"/>
          <property name="Exif/ShutterSpeedValue" value="1"/>
          <property name="File/ImageHeight" value="2912"/>
          <property name="File/ImageWidth" value="5184"/>
          <property name="System/FileModifyDate" value="2016:04:13 14:29:19"/>
          <property name="System/FileSize" value="2245121"/>
        </meta>
      </photo>
    </camera>
    <camera camera_id="15">
      <photo path="../../../../../../githubProjects/jomonPhotoMasks/originalImages/IMG_2172.JPG">
        <meta>
          <property name="Exif/ApertureValue" value="9"/>
          <property name="Exif/DateTime" value="2016:03:09 17:09:38"/>
          <property name="Exif/DateTimeOriginal" value="2016:03:09 17:09:38"/>
          <property name="Exif/ExposureTime" value="0.5"/>
          <property name="Exif/FNumber" value="22"/>
          <property name="Exif/FocalLength" value="17"/>
          <property name="Exif/FocalPlaneXResolution" value="225.518771479532"/>
          <property name="Exif/FocalPlaneYResolution" value="192.6817971283"/>
          <property name="Exif/ISOSpeedRatings" value="1000"/>
          <property name="Exif/Make" value="Canon"/>
          <property name="Exif/Model" value="Canon EOS 60D"/>
          <property name="Exif/Orientation" value="1"/>
          <property name="Exif/ShutterSpeedValue" value="1"/>
          <property name="File/ImageHeight" value="2912"/>
          <property name="File/ImageWidth" value="5184"/>
          <property name="System/FileModifyDate" value="2016:04:13 14:29:20"/>
          <property name="System/FileSize" value="2248902"/>
        </meta>
      </photo>
    </camera>
    <camera camera_id="16">
      <photo path="../../../../../../githubProjects/jomonPhotoMasks/originalImages/IMG_2173.JPG">
        <meta>
          <property name="Exif/ApertureValue" value="9"/>
          <property name="Exif/DateTime" value="2016:03:09 17:09:59"/>
          <property name="Exif/DateTimeOriginal" value="2016:03:09 17:09:59"/>
          <property name="Exif/ExposureTime" value="0.5"/>
          <property name="Exif/FNumber" value="22"/>
          <property name="Exif/FocalLength" value="17"/>
          <property name="Exif/FocalPlaneXResolution" value="225.518771479532"/>
          <property name="Exif/FocalPlaneYResolution" value="192.6817971283"/>
          <property name="Exif/ISOSpeedRatings" value="1000"/>
          <property name="Exif/Make" value="Canon"/>
          <property name="Exif/Model" value="Canon EOS 60D"/>
          <property name="Exif/Orientation" value="1"/>
          <property name="Exif/ShutterSpeedValue" value="1"/>
          <property name="File/ImageHeight" value="2912"/>
          <property name="File/ImageWidth" value="5184"/>
          <property name="System/FileModifyDate" value="2016:04:13 14:29:21"/>
          <property name="System/FileSize" value="2259080"/>
        </meta>
      </photo>
    </camera>
    <camera camera_id="17">
      <photo path="../../../../../../githubProjects/jomonPhotoMasks/originalImages/IMG_2174.JPG">
        <meta>
          <property name="Exif/ApertureValue" value="9"/>
          <property name="Exif/DateTime" value="2016:03:09 17:10:14"/>
          <property name="Exif/DateTimeOriginal" value="2016:03:09 17:10:14"/>
          <property name="Exif/ExposureTime" value="0.5"/>
          <property name="Exif/FNumber" value="22"/>
          <property name="Exif/FocalLength" value="17"/>
          <property name="Exif/FocalPlaneXResolution" value="225.518771479532"/>
          <property name="Exif/FocalPlaneYResolution" value="192.6817971283"/>
          <property name="Exif/ISOSpeedRatings" value="1000"/>
          <property name="Exif/Make" value="Canon"/>
          <property name="Exif/Model" value="Canon EOS 60D"/>
          <property name="Exif/Orientation" value="1"/>
          <property name="Exif/ShutterSpeedValue" value="1"/>
          <property name="File/ImageHeight" value="2912"/>
          <property name="File/ImageWidth" value="5184"/>
          <property name="System/FileModifyDate" value="2016:04:13 14:29:21"/>
          <property name="System/FileSize" value="2261947"/>
        </meta>
      </photo>
    </camera>
    <camera camera_id="18">
      <photo path="../../../../../../githubProjects/jomonPhotoMasks/originalImages/IMG_2175.JPG">
        <meta>
          <property name="Exif/ApertureValue" value="9"/>
          <property name="Exif/DateTime" value="2016:03:09 17:10:34"/>
          <property name="Exif/DateTimeOriginal" value="2016:03:09 17:10:34"/>
          <property name="Exif/ExposureTime" value="0.5"/>
          <property name="Exif/FNumber" value="22"/>
          <property name="Exif/FocalLength" value="17"/>
          <property name="Exif/FocalPlaneXResolution" value="225.518771479532"/>
          <property name="Exif/FocalPlaneYResolution" value="192.6817971283"/>
          <property name="Exif/ISOSpeedRatings" value="1000"/>
          <property name="Exif/Make" value="Canon"/>
          <property name="Exif/Model" value="Canon EOS 60D"/>
          <property name="Exif/Orientation" value="1"/>
          <property name="Exif/ShutterSpeedValue" value="1"/>
          <property name="File/ImageHeight" value="2912"/>
          <property name="File/ImageWidth" value="5184"/>
          <property name="System/FileModifyDate" value="2016:04:13 14:29:22"/>
          <property name="System/FileSize" value="2257677"/>
        </meta>
      </photo>
    </camera>
    <camera camera_id="19">
      <photo path="../../../../../../githubProjects/jomonPhotoMasks/originalImages/IMG_2176.JPG">
        <meta>
          <property name="Exif/ApertureValue" value="9"/>
          <property name="Exif/DateTime" value="2016:03:09 17:10:50"/>
          <property name="Exif/DateTimeOriginal" value="2016:03:09 17:10:50"/>
          <property name="Exif/ExposureTime" value="0.5"/>
          <property name="Exif/FNumber" value="22"/>
          <property name="Exif/FocalLength" value="17"/>
          <property name="Exif/FocalPlaneXResolution" value="225.518771479532"/>
          <property name="Exif/FocalPlaneYResolution" value="192.6817971283"/>
          <property name="Exif/ISOSpeedRatings" value="1000"/>
          <property name="Exif/Make" value="Canon"/>
          <property name="Exif/Model" value="Canon EOS 60D"/>
          <property name="Exif/Orientation" value="1"/>
          <property name="Exif/ShutterSpeedValue" value="1"/>
          <property name="File/ImageHeight" value="2912"/>
          <property name="File/ImageWidth" value="5184"/>
          <property name="System/FileModifyDate" value="2016:04:13 14:29:22"/>
          <property name="System/FileSize" value="2263838"/>
        </meta>
      </photo>
    </camera>
    <camera camera_id="20">
      <photo path="../../../../../../githubProjects/jomonPhotoMasks/originalImages/IMG_2177.JPG">
        <meta>
          <property name="Exif/ApertureValue" value="9"/>
          <property name="Exif/DateTime" value="2016:03:09 17:11:04"/>
          <property name="Exif/DateTimeOriginal" value="2016:03:09 17:11:04"/>
          <property name="Exif/ExposureTime" value="0.5"/>
          <property name="Exif/FNumber" value="22"/>
          <property name="Exif/FocalLength" value="17"/>
          <property name="Exif/FocalPlaneXResolution" value="225.518771479532"/>
          <property name="Exif/FocalPlaneYResolution" value="192.6817971283"/>
          <property name="Exif/ISOSpeedRatings" value="1000"/>
          <property name="Exif/Make" value="Canon"/>
          <property name="Exif/Model" value="Canon EOS 60D"/>
          <property name="Exif/Orientation" value="1"/>
          <property name="Exif/ShutterSpeedValue" value="1"/>
          <property name="File/ImageHeight" value="2912"/>
          <property name="File/ImageWidth" value="5184"/>
          <property name="System/FileModifyDate" value="2016:04:13 14:29:23"/>
          <property name="System/FileSize" value="2247020"/>
        </meta>
      </photo>
    </camera>
    <camera camera_id="21">
      <photo path="../../../../../../githubProjects/jomonPhotoMasks/originalImages/IMG_2178.JPG">
        <meta>
          <property name="Exif/ApertureValue" value="9"/>
          <property name="Exif/DateTime" value="2016:03:09 17:11:22"/>
          <property name="Exif/DateTimeOriginal" value="2016:03:09 17:11:22"/>
          <property name="Exif/ExposureTime" value="0.5"/>
          <property name="Exif/FNumber" value="22"/>
          <property name="Exif/FocalLength" value="17"/>
          <property name="Exif/FocalPlaneXResolution" value="225.518771479532"/>
          <property name="Exif/FocalPlaneYResolution" value="192.6817971283"/>
          <property name="Exif/ISOSpeedRatings" value="1000"/>
          <property name="Exif/Make" value="Canon"/>
          <property name="Exif/Model" value="Canon EOS 60D"/>
          <property name="Exif/Orientation" value="1"/>
          <property name="Exif/ShutterSpeedValue" value="1"/>
          <property name="File/ImageHeight" value="2912"/>
          <property name="File/ImageWidth" value="5184"/>
          <property name="System/FileModifyDate" value="2016:04:13 14:29:24"/>
          <property name="System/FileSize" value="2247595"/>
        </meta>
      </photo>
    </camera>
    <camera camera_id="22">
      <photo path="../../../../../../githubProjects/jomonPhotoMasks/originalImages/IMG_2179.JPG">
        <meta>
          <property name="Exif/ApertureValue" value="9"/>
          <property name="Exif/DateTime" value="2016:03:09 17:11:41"/>
          <property name="Exif/DateTimeOriginal" value="2016:03:09 17:11:41"/>
          <property name="Exif/ExposureTime" value="0.5"/>
          <property name="Exif/FNumber" value="22"/>
          <property name="Exif/FocalLength" value="17"/>
          <property name="Exif/FocalPlaneXResolution" value="225.518771479532"/>
          <property name="Exif/FocalPlaneYResolution" value="192.6817971283"/>
          <property name="Exif/ISOSpeedRatings" value="1000"/>
          <property name="Exif/Make" value="Canon"/>
          <property name="Exif/Model" value="Canon EOS 60D"/>
          <property name="Exif/Orientation" value="1"/>
          <property name="Exif/ShutterSpeedValue" value="1"/>
          <property name="File/ImageHeight" value="2912"/>
          <property name="File/ImageWidth" value="5184"/>
          <property name="System/FileModifyDate" value="2016:04:13 14:29:25"/>
          <property name="System/FileSize" value="2261563"/>
        </meta>
      </photo>
    </camera>
    <camera camera_id="23">
      <photo path="../../../../../../githubProjects/jomonPhotoMasks/originalImages/IMG_2180.JPG">
        <meta>
          <property name="Exif/ApertureValue" value="9"/>
          <property name="Exif/DateTime" value="2016:03:09 17:11:55"/>
          <property name="Exif/DateTimeOriginal" value="2016:03:09 17:11:55"/>
          <property name="Exif/ExposureTime" value="0.5"/>
          <property name="Exif/FNumber" value="22"/>
          <property name="Exif/FocalLength" value="17"/>
          <property name="Exif/FocalPlaneXResolution" value="225.518771479532"/>
          <property name="Exif/FocalPlaneYResolution" value="192.6817971283"/>
          <property name="Exif/ISOSpeedRatings" value="1000"/>
          <property name="Exif/Make" value="Canon"/>
          <property name="Exif/Model" value="Canon EOS 60D"/>
          <property name="Exif/Orientation" value="1"/>
          <property name="Exif/ShutterSpeedValue" value="1"/>
          <property name="File/ImageHeight" value="2912"/>
          <property name="File/ImageWidth" value="5184"/>
          <property name="System/FileModifyDate" value="2016:04:13 14:29:25"/>
          <property name="System/FileSize" value="2247012"/>
        </meta>
      </photo>
    </camera>
    <camera camera_id="24">
      <photo path="../../../../../../githubProjects/jomonPhotoMasks/originalImages/IMG_2181.JPG">
        <meta>
          <property name="Exif/ApertureValue" value="9"/>
          <property name="Exif/DateTime" value="2016:03:09 17:12:08"/>
          <property name="Exif/DateTimeOriginal" value="2016:03:09 17:12:08"/>
          <property name="Exif/ExposureTime" value="0.5"/>
          <property name="Exif/FNumber" value="22"/>
          <property name="Exif/FocalLength" value="17"/>
          <property name="Exif/FocalPlaneXResolution" value="225.518771479532"/>
          <property name="Exif/FocalPlaneYResolution" value="192.6817971283"/>
          <property name="Exif/ISOSpeedRatings" value="1000"/>
          <property name="Exif/Make" value="Canon"/>
          <property name="Exif/Model" value="Canon EOS 60D"/>
          <property name="Exif/Orientation" value="1"/>
          <property name="Exif/ShutterSpeedValue" value="1"/>
          <property name="File/ImageHeight" value="2912"/>
          <property name="File/ImageWidth" value="5184"/>
          <property name="System/FileModifyDate" value="2016:04:13 14:29:26"/>
          <property name="System/FileSize" value="2255985"/>
        </meta>
      </photo>
    </camera>
    <camera camera_id="25">
      <photo path="../../../../../../githubProjects/jomonPhotoMasks/originalImages/IMG_2182.JPG">
        <meta>
          <property name="Exif/ApertureValue" value="9"/>
          <property name="Exif/DateTime" value="2016:03:09 17:12:23"/>
          <property name="Exif/DateTimeOriginal" value="2016:03:09 17:12:23"/>
          <property name="Exif/ExposureTime" value="0.5"/>
          <property name="Exif/FNumber" value="22"/>
          <property name="Exif/FocalLength" value="17"/>
          <property name="Exif/FocalPlaneXResolution" value="225.518771479532"/>
          <property name="Exif/FocalPlaneYResolution" value="192.6817971283"/>
          <property name="Exif/ISOSpeedRatings" value="1000"/>
          <property name="Exif/Make" value="Canon"/>
          <property name="Exif/Model" value="Canon EOS 60D"/>
          <property name="Exif/Orientation" value="1"/>
          <property name="Exif/ShutterSpeedValue" value="1"/>
          <property name="File/ImageHeight" value="2912"/>
          <property name="File/ImageWidth" value="5184"/>
          <property name="System/FileModifyDate" value="2016:04:13 14:29:27"/>
          <property name="System/FileSize" value="2256885"/>
        </meta>
      </photo>
    </camera>
    <camera camera_id="0">
      <photo path="../../../../../../githubProjects/jomonPhotoMasks/originalImages/IMG_2182.JPG">
        <meta>
          <property name="Exif/ApertureValue" value="9"/>
          <property name="Exif/DateTime" value="2016:03:09 17:12:23"/>
          <property name="Exif/DateTimeOriginal" value="2016:03:09 17:12:23"/>
          <property name="Exif/ExposureTime" value="0.5"/>
          <property name="Exif/FNumber" value="22"/>
          <property name="Exif/FocalLength" value="17"/>
          <property name="Exif/FocalPlaneXResolution" value="225.518771479532"/>
          <property name="Exif/FocalPlaneYResolution" value="192.6817971283"/>
          <property name="Exif/ISOSpeedRatings" value="1000"/>
          <property name="Exif/Make" value="Canon"/>
          <property name="Exif/Model" value="Canon EOS 60D"/>
          <property name="Exif/Orientation" value="1"/>
          <property name="Exif/ShutterSpeedValue" value="1"/>
          <property name="File/ImageHeight" value="2912"/>
          <property name="File/ImageWidth" value="5184"/>
          <property name="System/FileModifyDate" value="2016:04:13 14:29:27"/>
          <property name="System/FileSize" value="2256885"/>
        </meta>
      </photo>
    </camera>
  </cameras>
  <markers>
    <marker marker_id="1">
      <location camera_id="1" pinned="true" x="2614.2078" y="2169.4409"/>
      <location camera_id="2" pinned="true" x="2709.1799" y="2162.1353"/>
      <location camera_id="3" pinned="true" x="2771.7214" y="2144.4722"/>
      <location camera_id="4" pinned="true" x="2842.2329" y="2104.4719"/>
      <location camera_id="5" pinned="true" x="2882.1743" y="2057.1104"/>
      <location camera_id="24" pinned="true" x="2519.0757" y="2153.6187"/>
    </marker>
    <marker marker_id="2">
      <location camera_id="1" pinned="true" x="1909.5208" y="1654.6597"/>
      <location camera_id="2" pinned="true" x="2056.7673" y="1779.1559"/>
      <location camera_id="3" pinned="true" x="2204.8044" y="1846.0742"/>
      <location camera_id="4" pinned="true" x="2439.6184" y="1901.2805"/>
      <location camera_id="5" pinned="true" x="2664.4688" y="1915.3826"/>
      <location camera_id="6" pinned="true" x="2911.4211" y="1891.4204"/>
      <location camera_id="7" pinned="true" x="3103.7976" y="1837.4441"/>
      <location camera_id="8" pinned="true" x="3275.9182" y="1742.6323"/>
      <location camera_id="24" pinned="true" x="1833.2491" y="1521.5824"/>
    </marker>
  </markers>
  <masks path="masks/masks.zip"/>
  <thumbnails path="thumbnails/thumbnails.zip"/>
  <point_cloud path="point_cloud/point_cloud.zip"/>
</frame>
