<?xml version="1.0" encoding="UTF-8"?>
<masks version="1.2.0">
  <mask camera_id="0" path="c0.png"/>
  <mask camera_id="1" path="c1.png"/>
  <mask camera_id="2" path="c2.png"/>
  <mask camera_id="3" path="c3.png"/>
  <mask camera_id="4" path="c4.png"/>
  <mask camera_id="5" path="c5.png"/>
  <mask camera_id="6" path="c6.png"/>
  <mask camera_id="7" path="c7.png"/>
  <mask camera_id="8" path="c8.png"/>
  <mask camera_id="9" path="c9.png"/>
  <mask camera_id="10" path="c10.png"/>
  <mask camera_id="11" path="c11.png"/>
  <mask camera_id="12" path="c12.png"/>
  <mask camera_id="13" path="c13.png"/>
  <mask camera_id="14" path="c14.png"/>
  <mask camera_id="15" path="c15.png"/>
  <mask camera_id="16" path="c16.png"/>
  <mask camera_id="17" path="c17.png"/>
  <mask camera_id="18" path="c18.png"/>
  <mask camera_id="19" path="c19.png"/>
  <mask camera_id="20" path="c20.png"/>
  <mask camera_id="21" path="c21.png"/>
  <mask camera_id="22" path="c22.png"/>
  <mask camera_id="23" path="c23.png"/>
  <mask camera_id="24" path="c24.png"/>
  <mask camera_id="25" path="c25.png"/>
</masks>
