<?xml version="1.0" encoding="UTF-8"?>
<chunk label="Chunk 2" enabled="true">
  <sensors next_id="1">
    <sensor id="0" label="Canon EOS 60D (17 mm)" type="frame">
      <resolution width="5184" height="2912"/>
      <property name="pixel_width" value="0.0044342206790123437"/>
      <property name="pixel_height" value="0.0051899038461538502"/>
      <property name="focal_length" value="17"/>
      <property name="fixed" value="false"/>
    </sensor>
  </sensors>
  <cameras next_id="1" next_group_id="0">
    <camera id="0" label="IMG_2096.JPG" sensor_id="0" enabled="true"/>
  </cameras>
  <frames next_id="1">
    <frame id="0" path="0/frame.zip"/>
  </frames>
  <settings>
    <property name="accuracy_tiepoints" value="1"/>
    <property name="accuracy_cameras" value="10"/>
    <property name="accuracy_cameras_ypr" value="2"/>
    <property name="accuracy_markers" value="0.0050000000000000001"/>
    <property name="accuracy_scalebars" value="0.001"/>
    <property name="accuracy_projections" value="0.10000000000000001"/>
  </settings>
</chunk>
