<?xml version="1.0" encoding="UTF-8"?>
<point_cloud version="1.2.0">
  <tracks path="tracks.ply" count="6137"/>
  <points path="points.ply" count="3288"/>
  <projections camera_id="0" path="p0.ply" count="2038"/>
  <projections camera_id="1" path="p1.ply" count="1245"/>
  <projections camera_id="2" path="p2.ply" count="645"/>
  <projections camera_id="3" path="p3.ply" count="647"/>
  <projections camera_id="4" path="p4.ply" count="611"/>
  <projections camera_id="5" path="p5.ply" count="598"/>
  <projections camera_id="6" path="p6.ply" count="585"/>
  <projections camera_id="7" path="p7.ply" count="542"/>
  <projections camera_id="8" path="p8.ply" count="525"/>
  <projections camera_id="9" path="p9.ply" count="572"/>
  <projections camera_id="10" path="p10.ply" count="592"/>
  <projections camera_id="11" path="p11.ply" count="570"/>
  <projections camera_id="12" path="p12.ply" count="559"/>
  <projections camera_id="13" path="p13.ply" count="452"/>
  <projections camera_id="14" path="p14.ply" count="545"/>
  <projections camera_id="15" path="p15.ply" count="547"/>
  <projections camera_id="16" path="p16.ply" count="576"/>
  <projections camera_id="17" path="p17.ply" count="596"/>
  <projections camera_id="18" path="p18.ply" count="551"/>
  <projections camera_id="19" path="p19.ply" count="541"/>
  <projections camera_id="20" path="p20.ply" count="604"/>
  <projections camera_id="21" path="p21.ply" count="601"/>
  <projections camera_id="22" path="p22.ply" count="635"/>
  <projections camera_id="23" path="p23.ply" count="636"/>
  <projections camera_id="24" path="p24.ply" count="606"/>
  <projections camera_id="25" path="p25.ply" count="2038"/>
  <meta>
    <property name="match/duration" value="50.331109"/>
    <property name="match/match_downscale" value="2"/>
    <property name="match/match_filter_mask" value="true"/>
    <property name="match/match_point_limit" value="40000"/>
    <property name="match/match_select_pairs" value="1"/>
    <property name="match/match_tiepoint_limit" value="4000"/>
  </meta>
</point_cloud>
